date,CTL,T,CSCO,FCX,XL,IVZ,AMT,WHR,IR,WFT,YUM,CVS,GD,TYC,EL,MUR,CTAS,CBSA,SNV,CAM,DLTR,CAH,DTE,SSP,PSA,EXC,TKR,CMA,ORCL,MS,RSG,ACAS,AGN,MMM,ETFC,CAR,MDR,NOV,PCH,BAX,JCI,SWK,DVN,TMO,PEP,LNC,EMR,MLM,CCI,NU,Market,,,,,,
200001,-18.4697,-11.5513,2.217,-17.4556,-12.5301,-4.0929,17.3824,-10.4707,-14.5289,-5.9468,-25.89,-12.2382,-10.2085,10.4167,1.3631,0,-11.8235,-7.6525,-4.4025,1.1494,-9.0323,-0.3916,9.8814,5.0209,0,20.1439,-20.1835,-5.3548,-10.8477,-6.9002,-17.5439,13.7363,14.5729,-4.3423,-19.378,-24.9412,8.9655,19.5219,-9.8039,1.6915,-2.8571,-16.5975,6.8441,15.4167,-3.1915,-6.9312,-4.0305,2.439,-1.5564,-0.304,-3.9612,,,,,,
200002,-12.945,-11.2245,20.7192,-21.147,-9.8898,5.3057,37.2822,-6.176,-18.2311,19.8003,-6.9869,0.1789,-8.222799,-12.0464,-15.1589,-11.1547,-14.1454,-0.7839,-13.8158,11.6162,-11.9149,-12.3198,-13.1295,-8.0691,-2.7548,-10.0299,-11.1571,-16.6902,48.6393,6.3208,-8.5106,-7.2464,-11.5921,-5.1883,16.9139,-10.6583,-5.0633,29.3333,-4.5093,-14.6771,-3.3937,-8.4577,6.0498,-9.7473,-5.8608,-25.2115,-16.6039,-15.1667,1.9763,-7.7439,3.1777,,,,,,
200003,10.5502,10.6732,16.974,-12.2727,36.9397,24.425,0.2538,7.9402,15.4976,30,16.6667,7.3214,15.0289,32.3762,15.5331,13.8272,47.1831,-3.4989,15.9389,21.0407,34.2995,9.775801,-1.6066,12.4638,-3.8187,-1.1725,13.5371,14.8387,5.1347,17.6575,1.7442,7.604199,-0.6211,0.4252,22.335,3.8596,-1.4667,27.3196,13.1579,15.0229,1.8126,15.6304,30.5034,30.4,8.9805,21.267,16.5981,33.8028,17.4419,14.2857,5.35,,,,,,
200004,-34.0067,4.6083,-10.3274,-20.2073,-13.9955,0.9669999,-5.6962,11.0874,6.0734,2.7153,9.0543,15.9601,18.1106,-8.3541,-11.7353,2.3861,1.1164,2.5731,-1.6556,12.1495,11.0312,20.0272,11.7773,-3.7371,6.5476,13.0508,13.8462,1.194,2.4019,-7.1493,25.1429,-4.4335,17.75,-2.1877,-28.6307,-16.5541,-11.5646,-22.4696,-8.284901,8.4824,17.1098,11.8483,-0.9009,-4.908,5.1971,4.7836,3.2941,11.5789,1.3201,0,-5.953,,,,,,
200005,10.398,-0.2853,-17.8724,-4.5455,25.8793,-8.7719,-20.2685,-12.4338,-2.5672,6,-13.4686,0,0.9615,2.449,1.4144,10.5508,11.041,14.9373,7.7441,-7,2.8078,17.8207,5.9387,2.8434,-0.2793,5.997,3,19.469,-10.086,-6.8404,20.5479,-12.1546,16.8025,-0.3405,-27.6163,-14.17,23.0769,8.6162,-2.859,2.1113,-10.0691,-8.8983,24.2857,-4.1935,11.414,11.3106,8.1686,-7.4198,-31.759,3.3721,-3.8871,,,,,,
200006,6.4815,-1.0014,11.6356,0.6803,-9.0336,20.5769,12.2896,-17.7508,-11.6598,-7.5472,-3.6247,-8.046,-11.5344,0.6906,10.4324,-8.3815,-16.6193,8.5317,-11.325,-5.3763,-0.2626,14.1118,-10.0832,2.8721,6.028,-8.2504,-1.3245,-10.5679,16.9565,16.4336,-3.0303,14.7147,8.4622,-3.7901,6.0241,5.6604,-11.375,26.4423,-12.5413,5.7331,-9.3875,-10.8093,-5.977,13.468,9.0581,-6.7742,2.3305,-17.3691,39.3795,-1.6949,5.1597,,,,,,
200007,1.9565,-1.0029,2.9499,-2.7027,21.94,11.244,2.8486,-7.3727,-2.4845,0.6279,-14.3805,-1.2625,8.512,12.9288,-10.9987,1.367,14.9915,-2.468,2.1277,-2.0833,7.5829,-0.6757,2.6585,0.2538,9.3333,5.8915,-4.3624,13.649,-10.5576,9.8499,4.6875,7.3298,-10.151,9.166699,-9.090899,-8.4821,-15.6028,0.3802,3.7736,10.5778,1.218,10.2632,-18.5762,-1.4837,3.0942,21.564,1.1387,4.3277,-6.8493,1.7241,-1.7712,,,,,,
200008,-1.5437,-1.909,4.8711,9.0278,5.1326,22.724,-15.1604,-11.2243,16.5159,17.1607,20.4134,-5.8637,11.5172,6.5421,-6.9602,11.4108,-1.4815,1.5933,9.375,20.4062,-4.699,11.3095,10.757,2.9418,-4.878,13.47,-7.4105,10.4167,20.9476,17.8767,-12.6866,-6.8293,9.3632,3.9056,18.3333,2.9268,3.3613,5.1136,-0.9164,7.074,2.8881,3.0263,28.0055,12.0482,-6.9577,23.7822,8.9793,-4.8533,2.0221,3.2768,7.5007,,,,,,
200009,-5.423,19.7605,-19.49,-10.1911,6.6183,3.8934,3.6082,2.3026,-25.6516,-8.388801,5.1502,24.7475,-0.1986,-8.9693,-10.4122,-2.9026,4.812,-13.6531,8.1778,-5.3012,0,7.8289,11.554,6.5351,1.5692,25.6809,-16.092,4.4839,-13.4021,-14.9913,-10.2564,1.267,15.4701,-2.0161,-7.3944,-17.5355,43.0894,-9.909901,-5.948,-4.1291,0.0561,-13.785,2.7962,11.828,8.246301,-10.8796,1.2276,-4.3,-10.4505,-4.6703,-5.1145,,,,,,
200010,41.2844,15.8825,-2.4887,-9.9291,4.5918,2.2548,8.6235,11.8971,11.4391,-15.1163,-2.0408,14.4292,14.3443,9.277101,26.7918,-10.6075,6.4562,-2.1368,1.7699,-26.039,-3.5439,7.4415,-5.5556,8.2176,-6.0052,-0.4611,2.7397,3.2086,-16.1905,-11.9481,2.381,-6.8602,-0.4441,6.0357,-11.4068,10.3448,-11.9318,-6.4,5.9289,2.9757,12.1034,15.4472,-16.2095,11.5385,5.2989,1.1221,9.6082,0.3135,-2.4145,-6.0519,-2.4492,,,,,,
200011,-8.480499,-4.7671,-11.1369,1.5748,4.4065,-29.7133,-26.4122,-9.2759,7.0728,-8.7329,20,7.438,6.5502,-6.946,-6.7295,-4.8544,9.8383,-10.262,2.6087,-0.4587,-4.7923,5.4749,5.0173,1.3091,-2.5,10.1871,-3.1644,-13.6788,-19.697,-21.0895,8.3721,-3.3994,10.5041,3.9638,-45.0644,-23.4375,-7.0968,8.974401,-5.2313,5.3232,-7.5472,2.0376,-2.2817,0,-6.3226,-6.5891,-0.2451,2.9036,-21.4433,6.319,-10.2371,,,,,,
200012,1.5986,-13.083,-20.1044,6.2016,9.4753,36.4706,25.7261,21.885,4.0373,41.8386,-8.3333,5.3846,2.2951,5.237,1.2698,10.3881,4.4172,-8.5158,22.2486,21.7742,-34.2282,-0.2827,3.9934,6.455,11.8291,5.9774,12.5581,14.8139,9.6698,25.0493,18.0258,21.654,4.3098,20.6508,-7.8125,4.7619,19.4444,21.3725,7.1856,3.3664,-5.1066,15.7773,23.8985,2.5862,9.5372,4.7026,8.1475,7.4286,13.6483,12.4638,2.0426,,,,,,
200101,-12.2238,1.788,-2.1242,36.6423,-15.1016,5.977,-4.4224,10.0708,5.8149,3.4497,9.1515,-1.1345,-8.6667,10.991,-13.0385,-4.1324,-11.8073,19.1277,2.7193,-2.7739,24.2347,-4.3413,-9.3676,2.2664,6.9409,-13.8157,8.1653,1.5579,0.2151,7.2934,-20,-0.2481,-15.5584,-8.1743,89.8305,33.0909,31.1628,-5.6801,-2.7188,-0.4897,24.9615,10.0441,-10.1197,-0.3361,-11.082,-4.5601,-3.5686,0.1655,3.2333,-6.8866,3.9599,,,,,,
200102,-8.1581,-1.3444,-36.7279,20.0855,3.0871,-13.6876,-20.0552,1.3717,-1.7829,6.4443,6.8851,3.0405,-3.9448,-11.2825,1.4173,9.3286,-22.8581,-9.8232,0.5421,-6.9282,-8.6242,6.5058,2.8903,-1.8974,-1.0385,8.944799,-1.1002,5.5556,-34.7639,-23.1958,21.0182,0.1244,6.4709,2.4401,-35.6429,2.1077,-8.156,-0.7947,-0.3522,4.7906,2.3084,1.3986,4.0146,-5.9022,4.5609,-2.1851,-11.4704,8.7798,-10.0671,-9.211699,-9.909901,,,,,,
200103,-0.0694,-6.4361,-33.2454,-7.1174,0.0789,-26.6816,-36.0746,-5.4473,-8.3968,-5.1509,-0.8052,-4.1148,-7.9789,-20.8737,-5.6159,5.7329,9.4525,-11.8637,-2.4892,-9.6688,-30.7303,-4.6502,11.03,-7.8818,2.876,0.3518,-2.1875,-2.6866,-21.1579,-17.8566,12.6803,3.2248,-14.7211,-7.8492,-22.5305,11.5443,-2.3166,-4.337,-0.4673,2.2261,-5.5806,-4.6552,2.193,-19.4265,-4.3186,-3.1912,-7.3244,-7.0729,-41.0448,-14.8039,-7.039,,,,,,
200104,-5.4609,-6.9992,7.3834,8.5057,-6.9278,25.8621,44.8649,11.5623,18.3581,17.9939,17.3606,0.8848,23.3025,23.4559,9.1433,23.1601,11.1365,17.9775,6.5926,16.7778,8.5872,4.4961,5.3266,10.7814,3.7333,5.2592,9.2652,-16.374,7.8772,17.7944,-4,4.1769,2.4949,14.5428,34.6705,21.5901,-3.4783,14.2073,9.7027,-3.1761,15.9142,10.0152,1.3917,17.2598,-0.3185,9.4066,7.5,7.6581,65.3333,2.7043,8.3831,,,,,,
200105,4.8197,4.3636,13.4276,10.6638,12.9378,3.1507,-7.6866,13.3764,5.3617,-3.1942,1.9634,-6.8702,0.5708,7.6447,2.1384,2.9573,6.4597,10.1905,5.5594,9.8636,23.2314,6.8101,6.6794,5.2632,1.4322,-1.1694,4.5614,10.6358,-5.3218,3.5356,2.1111,4.4906,18.1447,0.1428,-20.2128,8.1173,15.3153,-12.7686,-0.6705,8.3489,-2.7624,5.4621,-1.3557,5.8801,2.1684,6.6724,2.1643,7.7007,-32.2172,8.3473,1.0458,,,,,,
200106,6.5401,-6.9454,-5.5036,-29.4831,3.2704,-8.0212,-16.4511,-0.6201,-16.5147,-14.8483,-3.9387,-29.6904,0.3741,-5.0957,6.2808,-12.4331,-0.8362,-8.3146,3.7113,-19.4573,7.9907,-4.1186,4.9978,2.298,8.1463,-5.4556,-4.2938,2.0035,24.183,-1.1998,7.9978,3.3898,-6.3211,-3.778,-14,1.6684,-17.2585,-22.3188,0.0873,2.2681,3.3807,10.2105,-9.7234,-21.1035,-0.9272,5.0975,-10.6484,0.2431,-1.2048,7.8482,-1.7554,,,,,,
200107,2.1782,13.046,5.6044,-2.6244,-6.5164,-7.7678,-17.9971,12.864,6.0194,-12.1875,4.2141,-6.5609,4.3182,-2.4032,-8.2367,4.0082,8.4757,-5.7692,8.8273,-8.7634,-6.5014,6.7101,-9.0224,1.1884,-0.4384,-11.884,-1.5939,6.9271,-4.8421,-6.5079,0.2519,-2.7085,-10.401,-1.9457,0.4651,4.359,-5.236,-29.1045,-1.424,-1.3861,11.2184,4.0831,3.2571,3.5422,5.4977,-0.8019,-5.1901,-10.9315,-40.5488,-3.6145,-1.8294,,,,,,
200108,13.3721,-9.1495,-15.0364,15.0558,8.7427,-8.8917,-14.6313,-5.9257,-6.7308,-21.0676,-6.8415,0.2777,-2.386,-2.3496,-1.7699,-0.8817999,-7.1955,-15.086,-9.8097,-15.0462,-8.835999,-0.9371001,2.4615,-6.0441,12.3306,-2.615,-8.9382,-2.9875,-32.4668,-10.8158,-0.2513,3.37,-3.9182,-6.4176,-1.2346,-6.2899,-3.5326,-18.2105,-2.27,3.6145,-9.119101,-3.3494,-14.6467,-1.1957,0.7934999,-2.2928,-5.8883,-10.0726,4.5128,-1.875,-5.898,,,,,,
200109,-4.4223,15.1797,-25.4133,-11.2278,-4.8193,-25.7581,-4.0083,-16.1618,-16.6872,-23.3243,-7.9775,-8.0587,11.8541,-12.3917,-14.5431,-4.1589,-13.445,-17.6484,-9.9756,-24.1619,-20.3961,1.419,0.6352,-6.9366,3.1363,-18.315,-8.6667,-6.5439,3.0303,-13.1209,-18.3879,-0.9568,-8.2353,-5.4755,-5.4687,-32.8789,-22.5352,-6.6924,-18.2121,6.686,-10.5119,-12.7477,-25.5457,-16.7051,3.5,-6.4781,-12.2015,-0.9873,-11.6781,-3.9487,-9.1488,,,,,,
200110,-5.6716,-18.5776,38.9163,1.0009,9.9494,10.904,-20.6623,6.6305,10.355,34.1827,28.9903,-27.8389,-7.2917,8,-2.7149,9.8673,0.2978,4.9499,-16.5942,18.9024,18.9518,-9.2495,-3.1591,1.2477,-1.527,-5.6726,-1.6788,-16.8051,7.7901,6.041,1.1111,-9.5655,8.2805,6.0772,7.9339,1.25,28.4849,27.7241,-7.1878,-12.1344,10.8522,4.8427,11.3372,17.1191,0.433,-8.5246,4.1649,2.0711,30,-5.7662,2.7833,,,,,,
200111,7.1202,-1.9155,20.8038,20.2703,7.5754,18.4874,-20.1452,11.9959,12.7614,-2.2203,-6.2068,12.7615,1.8995,19.6581,3.4729,-9.0755,5.7397,19.2203,2.0851,-6.0513,24.7886,1.803,-0.9355,3.7782,3.3749,7.0418,6.2361,11.4342,3.4661,13.4505,5.3114,12.1518,5.2793,10.3468,22.5115,31.4815,6.3208,-9.611199,11.8164,7.5047,9.9557,9.681601,-10.2089,14.8307,-0.1642,12.6328,11.072,6.8136,-6.9231,-0.7082,7.878,,,,,,
200112,-2.9586,4.7886,-11.3992,0.2996,-1.7423,2.9078,7.6136,11.5116,-0.191,11.3236,3.6881,9.833,-4.2213,0.1913,-3.7758,16.8683,12.307,1.1891,7.1383,10.1528,10.2354,-5.3205,2.7966,3.3673,-0.4412,7.3302,14.1044,12.4221,-1.5681,0.7928,15.7681,4.4276,-0.5829,3.1681,28.125,15.0822,8.8731,23.1183,5.2405,4.2538,1.9618,11.4381,12.5327,9.953899,0.4215,1.8239,5.6234,9.647099,-1.9284,1.3218,1.7848,,,,,,
200201,-6.1585,-3.7369,9.3319,16.1314,-3.032,-4.0662,-45.5121,-0.8591,5.7985,3.3011,13.4146,-7.9139,12.8076,-40.3226,0.7486,-5.9971,4.2083,-9.7627,10.3393,5.3766,6.7939,1.9332,-2.2413,7.424201,9.6108,2.8404,2.5958,-1.7626,24.9819,-1.2692,-12.8693,-4.3034,-11.0593,-6.0993,-12.4878,-10.8618,0.815,-7.5691,-0.9891,4.1022,4.0991,-4.8744,-3.6999,-7.9631,2.8753,6.6914,1.4711,-12.5107,-31.9288,2.7226,-1.5977,,,,,,
200202,7.8622,1.0414,-27.9293,-5.7878,8.1026,-14.1523,-6.2015,3.7689,13.4186,19.7714,5.9677,0.4412,1.4739,-17.212,-3.4056,9.5633,-10.9556,16.9296,6.0058,5.5725,-2.9385,0.2731,1.0244,6.2764,0.4097,0.9748,8.9157,6.3244,-3.708,-10.6909,3.1609,5.4921,-2.7266,6.8018,-9.698999,-0.4005,15.7639,9.763801,2.5146,-0.6269,5.5912,14.3792,17.3563,-7.3315,0.8185,-0.5631,0.0647,2.7471,-14.5805,2.1811,-2.1695,,,,,,
200203,2.5678,-1.0571,18.6405,20.273,-2.005,16.0669,13.6364,0.5992,0.04,3.3189,-0.5919,25.6589,3.3781,11.1082,9.6474,11.3948,12.5762,4.0908,4.5307,13.8307,2.4032,7.3007,11.0937,9.202101,1.9042,7.4878,28.6351,5.3467,-22.9844,16.6735,4.0668,10.2376,-0.293,-2.476,16.2963,10.2815,8.5894,21.1382,13.7791,7.2819,-0.1352,-8.2887,10.6227,1.8673,2.2673,-0.9373,-0.3473,1.1258,6.4412,8.1066,4.4682,,,,,,
200204,-18.5294,-16.3194,-13.4672,0.7945,1.0712,-20.8529,-9.272699,-0.7942001,-0.1399,4.7029,7.2814,-2.3085,3.6615,-42.9146,5.8255,-1.7188,3.8307,-3.0247,-11.2861,7.298,16.245,-2.2429,-0.3516,-2.9591,2.5939,2.5109,15.4179,0.4475,-21.5625,-16.3322,5.9957,3.5853,1.949,9.3818,-19.9575,-6.3021,2.701,4.8954,2.4636,-4.4019,-2.3327,0.4973,2.1545,-8.827801,0.7767,-4.9478,-6.9699,-7.7215,10.4387,0.6542,-4.9617,,,,,,
200205,12.1029,10.3992,7.7133,11.205,-5.681,-7.1264,-23.8477,-4.2828,1.1411,0.9625,1.3321,-4.3309,3.6152,18.9702,1.6597,-1.6269,0.8499,4.0738,-1.4423,2.6076,5.5847,-4.0981,3.2201,-3.5764,-3.2394,-0.6814,-15.4597,1.9889,-21.1155,-4.736,6.1616,-6.6105,-4.1268,0.1987,-17.7719,1.612,-17.0319,-3.8765,-0.3476,-5.6239,2.0985,-7.8743,5.9623,-2.8571,0.1541,-6.4301,9.0794,3.0287,-38.3562,-0.125,-1.0523,,,,,,
200206,-4.8387,-11.0528,-11.597,-9.6203,-4.3154,-18.5644,-9.2105,-8.459399,-9.3148,-14.2006,-8.450701,-4.4646,5.7157,-38.3941,-4.0816,-10.7529,-5.3246,-9.3578,3.818,-13.9506,-2.1356,-7.5609,-3.515,0.4042,2.2047,-2.2247,-0.3125,-3.4633,19.5707,-5.2354,-9.276899,-6.177,5.7845,-1.9373,-11.9355,-13.1291,-38.8679,-17.5803,-0.6715,-17.2253,-6.9498,-3.6872,-5.5885,-10.1307,-6.9835,-6.2918,-7.5022,-2.5,-12.6667,-5.2393,-7.0249,,,,,,
200207,-9.830501,-8.4262,-5.448,-14.4538,-12.5148,-7.9635,-35.0725,-12.2246,-15.922,-6.1111,5.641,-6.348,-23.6295,-5.2554,-13.8636,0.7879,-11.2098,-12.5956,-12.7907,-11.2144,-20.8412,-6.2042,-8.2437,-1.039,1.752,-6.2141,-10.6135,-5.2769,5.6917,-5.8032,-7.7084,-7.5719,-6.1534,2.3008,-27.6557,-12.9723,-42.0988,-17.9097,-6.3198,-10.2137,-0.723,-11.9971,-15.4221,2.9091,-10.9129,-11.881,-4.7841,-1.7179,-41.4758,-11.4833,-8.1152,,,,,,
200208,1.6917,-10.5568,4.7763,7.334599,-0.027,-6.4049,9.8214,-2.9981,-1.7452,0.6903,-1.8447,2.7622,-2.8176,22.5781,-1.2203,3.4877,0.2757,4.7349,0.7083,4.3033,-21.1129,12.5694,4.7607,-6.4961,-15.4967,-3.6493,-7.8657,0.5846,-4.1862,5.8736,17.0455,-14.1,-2.7773,-0.2066,9.8734,3.5456,50.3198,9.4907,-2.1964,-9.0704,6.5046,-2.6462,12.7639,4.7114,-7.8947,0.9812,-3.4985,-4.0177,0,5.991,0.7979,,,,,,
200209,-16.8854,-18.7551,-24.1679,-17.8768,-0.1494,-30.8571,-35.3659,-17.0855,-8.2823,-9.0597,-8.6383,-13.7462,3.4207,-10.0542,-4.0401,-4.1798,-4.7489,-0.3686,-14.0774,-6.8689,-10.4429,-4.033,-3.9501,-2.5316,1.4107,1.4524,-8.269401,-16.7521,-18.0396,-20.6929,-8.7379,-10.5915,-7.3569,-11.9888,2.5346,-24.8078,-13.0496,2.4313,-7.5435,-15.817,-10.5922,-6.336,2.766,-9.2801,-6.1947,-17.5439,-9.9221,-11.1081,-5.6522,-3.4837,-9.9965,,,,,,
200210,26.3041,29.005,6.6794,-9.3611,3.6054,29.1322,-11.3208,1.6354,13.2404,7.8083,-18.6936,9.615399,-2.3362,2.5532,1.3222,2.1445,12.7624,9.962999,-0.6305,11.6379,19.2831,11.2701,10.7862,11.3853,-7.7743,6.1053,8.7761,-9.4567,29.6438,15.5549,9.468101,4.3524,0.0919,15.4315,1.1236,6.8773,-42.0881,7.5851,-8.8563,-18.1015,1.5361,-0.9183,4.6632,14.0112,19.3505,0.9165,9.6495,-14.5226,61.2903,-10.9467,7.4923,,,,,,
200211,9.186399,11.0678,33.4526,27.0492,9.2712,16.56,175.8865,16.1124,18.8974,0.7492,6.1252,-3.0653,2.9319,22.7524,-6.3187,2.7556,6.7696,5.4048,1.6593,9.9528,11.6394,-11.0822,-1.6855,2.9019,5.7444,0.4563,9.6597,8.4059,19.2345,16.2384,4.4704,5.5443,8.1359,2.7808,26.2222,9.391299,-7.0423,4.3165,3.6725,27.8577,6.2692,11.8165,-9.3267,6.5253,-3.6735,15.1754,9.0546,13.7572,13.1429,-3.6047,6.1271,,,,,,
200212,-4.8575,-4.8772,-12.1984,8.2581,-6.6352,-13.5209,-9.2545,-2.9007,-6.7965,-1.0164,1.2965,-7.1057,-2.5537,-3.7042,-2.4927,-0.0467,-9.3521,-13.1702,-6.157,-2.8092,-16.2862,-3.778,5.8313,-2.939,5.3038,5.1405,-3.7783,-7.6273,-11.1111,-11.7595,-2.4186,7.3735,-1.9901,-5.0443,-14.4366,-16.6932,32.7273,0.4138,-11.3915,-10.6533,-2.8471,-3.7841,0.3494,2.7055,-0.2589,-10.1309,-2.4928,-2.7284,-5.303,5.5672,-5.3313,,,,,,
200301,3.2335,-8.8528,2.0611,11.8594,-2.835,-8.3333,43.9093,-0.4787,-8.8249,-6.9371,-4.294,-9.181001,-16.2908,-6.2646,14.2803,-1.5169,-9.7268,-5.5379,-0.3608,-2.7098,-10.6186,-1.4529,-9.6552,6.5367,-4.2092,-3.4868,-9.3717,-6.3367,11.3889,-4.484,-2.3832,7.6424,5.2933,1.0138,-7.4074,5.7252,-7.7626,-6.456,-14.2797,0.6429,0.7484,-23.0191,-1.3072,-9.6919,-4.1213,3.1824,-7.708899,-4.7619,5.3333,-5.4054,-2.3392,,,,,,
200302,-9.660399,-14.8936,4.5625,-9.3234,-5.4889,-18.961,-7.6772,-4.5603,0.9170001,7.7503,2.7179,10.0796,-10.4022,-7.5578,-7.0269,2.4408,-18.063,-3.476,-0.4139,7.2829,-5.9697,-1.783,-1.145,-2.1103,6.6236,-2.5918,-6.6436,1.1852,-0.5819,-2.7705,-6.8848,6.2823,5.9667,1.1883,-6.6667,11.1011,6.4356,10.1322,1.5633,0.7452,-3.479,-3.0428,6.4018,-3.137,-5.336,-12.155,1.1347,-5.0342,-1.7722,-1.4808,-1.539,,,,,,
200303,0.9307,-3.5577,-7.1531,0.1763,0.4511,-2.3504,17.6972,-0.4669,-2.18,-5.6693,2.184,-4.2169,-7.070499,-13.0237,8.2353,2.6493,-1.9958,-1.9081,-6.2078,-4.7885,-3.632,-0.5149,-5.4899,-5.4432,-6.8182,2.5636,-2.5577,-6.3446,-9.2893,4.0706,4.0378,-6.5992,6.2461,3.717,0.2381,3.1682,-32.5581,-0.4889,-5.8624,-34.3431,-6.6188,-6.0635,0.1452,2.8409,4.7756,-1.1648,-3.6541,0.1088,41.7526,-0.5714,1.0325,,,,,,
200304,6.7029,18.1082,15.5624,2.0528,16.2758,24.0886,20.2899,9.0965,14.2265,6.5131,1.5208,1.7505,13.2922,21.3064,7.0487,-5.7052,8.9666,18.9589,8.8317,-3.3327,27.8392,-2.9665,4.3208,4.6343,6.1056,5.2172,13.3163,14.8627,9.5032,17.2881,8.1653,7.8571,2.9908,-3.0685,30.6413,12.4409,12.069,-6.2528,22.7483,23.3906,13.5284,0.1667,-1.9079,0.3867,8.2,15.3393,11.7971,7.0989,15.8182,7.1839,8.2762,,,,,,
200305,14.3294,8.9897,9.4,26.8053,5.7716,11.4311,34.9398,7.0107,-0.2496,12.7268,13.1984,7.8067,7.6527,13.4615,2.5231,19.1837,3.2636,5.1359,17.206,14.0618,13.9937,4.3958,7.4653,11.3186,6.283,8.8989,-6.7232,6.3434,9.5118,2.2346,11.4166,13.5762,2.7758,0.8648,39.0909,17.6471,86.7692,15.8647,4.9057,10.1739,1.2281,17.4157,10.0529,16.1255,2.1257,8.886101,3.93,16.3003,30.7692,9.2326,6.3471,,,,,,
200306,3.668,0.3535,2.3157,11.6173,-4.1011,12.9241,-1.2277,11.9508,8.0365,-7.6075,5.7225,7.3946,8.500401,7.3023,0.6302,6.3916,-4.295,-4.2716,-5.0613,-7.712,9.551701,11.4712,-9.6354,0.7381,0.439,4.3805,6.8987,1.5777,-7.686399,-6.5574,-5.1861,-6.3411,6.92,1.9847,11.1111,9.0476,4.2834,-9.5395,3.5384,2.6046,3.2553,-1.2875,2.6923,-0.3791,1.0407,2.3851,-2.2945,-1.7539,-6.7227,3.5891,1.6336,,,,,,
200307,-1.6069,-7.0744,16.081,9.7143,-4.2169,10.1574,2.8249,1.6954,14.6238,-13.4368,1.2517,7.1976,9.8759,-2.0021,11.3331,-6.1217,16.3139,-0.2059,9.4419,-5.1012,15.6122,-14.8523,-7.5828,-6.492301,6.8792,-3.9124,-12.6214,4.2581,-0.1665,11.5088,6.749,12.4301,4.3839,8.698999,7.7647,-2.0196,-6.635099,-16.3636,3.8835,6.1923,12.8622,2.6449,-11.2921,5.8516,3.5281,5.7395,5.0881,13.9542,27.4131,0.3584,2.3112,,,,,,
200308,1.3707,-3.8527,-1.7958,11.9821,-4.717,5.2013,25.0549,7.9346,10.0848,3.6118,-0.9355,8.7029,8.532901,10.6452,-7.6078,17.3147,-3.1303,3.302,3.9099,1.5687,6.7792,3.9817,-2.2403,4.5564,1.9061,3.3583,10,1.7739,7.0058,2.8457,1.7355,-11.7668,-1.1556,2.0899,0.7642,0.1671,-14.3824,6.413,10.8037,1.7747,2.4739,7.7656,9.2464,2.427,-3.321,-5.1419,4.567,0.2872,8.5859,3.6905,2.4966,,,,,,
200309,-2.3446,-0.935,2.3511,10.3333,2.8647,-5.2993,-10.8084,-2.6013,-10.2151,0.5322,-0.1012,-4.7239,-9.348499,-0.6681,-1.1308,1.7668,-7.2896,-14.6477,2.8834,-4.8394,-14.4569,2.6172,7.1469,-1.7208,7.563,7.8098,-8.7425,-4.5399,-12.3149,3.4228,-7.798501,2.9412,-0.9187,-3.0392,0.325,3.9488,12.8459,-7.3544,0.7799,3.4164,-4.0808,-2.4777,-6.7826,-4.7828,3.2555,-0.1129,-5.5775,-4.656,-12.4651,3.7637,-0.9112,,,,,,
200310,5.4883,9.4944,6.8402,17.3414,-10.2531,3.6866,14.2857,3.9841,13.024,-8.0201,15.26,13.4498,7.6352,2.2026,9.6481,0.3915,15.6985,3.75,10.4442,-7.3361,14.1282,1.627,-0.0271,9.177401,1.9628,-0.0787,10.105,10.4721,6.4,9.1954,2.6943,8.568,-3.9502,14.1885,11.2311,9.3098,29.5972,5.1268,5.1817,-8.5341,13.6681,12.9404,0.6433,1.2903,4.3421,13.8072,7.7873,12.4005,34.5377,5.1339,6.0319,,,,,,
200311,-8.3776,-2.9191,8.4568,12.3355,8.2014,-9.587299,-1.8966,-2.5685,3.5265,-5.6691,1.0252,6.481,-3.3811,9.9138,1.6315,1.9498,9.0378,-1.1797,3.8406,1.3779,-17.1585,3.0334,2.2505,-0.7534,11,-1.7809,2.8605,1.8065,0.4177,0.7472,9.462399,7.6325,-1.0579,0.634,5.1456,8.4679,28.3784,0.8915,3.6468,4.6652,1.7763,-1.1098,1.7732,8.7352,0.6274,-1.8032,8.2643,4.3446,-1.9747,6.6879,1.6593,,,,,,
200312,-0.2447,11.9845,6.7401,-3.2162,3.7633,3.5112,-4.9209,6.3378,8.8867,9.8231,-0.2609,-3.5771,11.772,15.5229,4.1053,8.9771,7.3035,12.5984,1.4829,7.3485,-5.2018,0.0818,5.8473,2.2594,-1.2613,7.3439,17.1045,7.9183,10.0665,4.6852,0.943,4.9225,2.7833,7.5784,16.8052,0.4964,25.7895,16.2162,7.814,11.7973,6.515,15.775,16.1062,5.4393,-2.7847,2.9584,6.078,10.3359,-11.1201,1.1028,4.5489,,,,,,
200401,-19.0681,-0.9877,6.1081,-12.0342,2.5145,1.4925,1.5712,4.5423,-1.9888,12,-1.4244,-0.924,1.5046,0.9434,4.3556,-7.273,-10.1198,-8.3578,-13.2089,-10.515,6.1191,4.8234,-0.7614,1.0304,9.4953,0.9343,9.9202,1.873,4.7619,1.0195,-2.6531,7.669,7.8636,-6.9858,10.5929,1.7063,-10.8787,14.9821,7.2764,-4.4889,1.3607,0.0264,-1.3971,10.5952,1.3728,10.2304,-1.3127,-2.0652,12.4207,-4.5612,2.3049,,,,,,
200402,8.2197,-5.8431,-9.9183,15.7081,-3.5723,8.355599,0.546,-3.397,0.2104,11.1111,9.2008,4.9832,0.7547,6.8037,3.9785,3.9135,-4.5081,-4.3135,-0.1992,6.0432,-3.1652,1.747,3.4783,2.5497,0.4631,1.06,0.2721,0.7529,-7.1429,2.6628,5.1703,5.8107,5.7695,-0.8977,2.2874,0.5298,7.7934,15.5581,14.0751,-0.1029,-0.9006,2.2439,0.5668,0.7176,9.818001,5.1642,-1.5962,7.1087,-2.8226,0.7273,1.5458,,,,,,
200403,-3.5789,2.2074,1.7703,-8.347,-0.1696,-5.2282,2.7149,-5.5799,1.7599,-6.183,2.5925,-5.8667,-3.0287,0.3238,4.0845,0.3826,1.8263,2.0124,-1.7034,-0.3844,-0.1294,5.6722,2.9783,3.8517,2.8913,2.5767,5.687,-4.6924,-6.7599,-4.1165,3.3918,0.211,-3.8611,4.9346,-6.708601,7.444901,-26.9164,-4.8132,-3.8915,6.0783,1.809,10.8701,2.5889,0.7481,4.0655,1.9169,-4.0973,-5.9686,4.8133,-3.0665,-1.0674,,,,,,
200404,5.0564,2.7404,-11.2855,-21.4633,0.4077,-11.5664,9.6916,-4.8788,-4.5824,3.4499,2.1058,9.6211,5.2054,-4.1885,3.0898,8.782001,3.725,-0.9611,-2.3722,9.7616,-12.5729,6.3135,-5.1762,4.3913,-14.1184,-2.8024,-5.0366,-4.9521,-6.25,-9.8778,6.4647,-20.9988,4.6221,5.6309,-14.9064,-2.911,-1.5495,-1.273,-7.0429,2.4603,-7.2527,-0.3983,5.2451,3.2532,1.1885,-4.4167,0.5007,-6.3042,10.4513,-1.6086,-2.4232,,,,,,
200405,3.4972,-4.8193,6.9823,10.2623,-2.2266,1.42,11.0843,2.2134,1.4562,-4.5308,-3.3256,7.8954,2.147,12.1676,0.175,-4.438,0.4877,-4.6731,7.876,-4.0951,3.4099,-7.5631,3.0497,0.9569001,10.0503,0.3137,3.8985,9.6456,1.3333,4.1253,0.1041,4.5316,1.0676,-1.8039,0.4401,-2.8294,-6.2954,-0.8596,0.0528,-0.6635,-1.7135,2.4465,-3.0065,5.411,-2.0554,5.8155,-0.1993,-0.5549,5.5914,4.9046,1.4068,,,,,,
200406,0.6942,2.3207,5.9455,-1.4273,1.7415,2.4318,9.906,3.1114,4.6095,8.3594,-0.7467,0.8157,4.2142,7.6729,6.5298,12.9329,5.1621,-2.4685,-0.9969,5.0248,-1.6846,3.5002,2.1015,-1.2787,1.022,-0.03,16.2352,-2.1374,4.6491,-1.3829,0.5199,4.7477,0.6974,6.4451,-2.2787,6.713201,31.2662,13.7644,10.3046,9.7646,-0.5842,5.2583,11.3544,-0.13,1.3866,-0.5054,6.4489,3.5022,0.1358,1.9372,2.1578,,,,,,
200407,3.1624,5.7835,-11.73,5.7315,-6.3345,-24.2446,-4.8684,-8.9796,0.5563,4.0018,3.4121,-0.1993,-0.4834,-6.4575,-10.0041,4.9389,-11.9782,-6.3274,0.5924,4.9076,-1.8957,-36.474,-0.9127001,-2.4571,2.4343,4.8363,-6.2288,6.5415,-11.9028,-6.0451,-1.1748,4.3183,-15.5049,-8.4991,-0.7175,-6.5359,5.0197,6.2242,-3.7224,-12.8658,5.7512,-6.9767,5.2879,-16.3305,-7.2012,-6.7725,-4.4847,-1.3084,-4.2712,-3.9548,-3.7666,,,,,,
200408,3.8722,1.7759,-10.325,7.9771,-0.6791,0.5698,2.9737,-1.3933,-4.9934,-0.9406,3.4384,-4.4662,-1.1941,1.0323,0.1139,-2.0752,-2.2641,-0.3818,-0.2748,-0.3132,-12.6347,1.573,2.8628,0.0879,7.8931,6.4613,-5.8776,2.8733,-5.138,2.838,-2.2727,9.2029,-1.1898,0.4371,6.4137,-5.0699,12.9335,-10.6129,7.3834,1.563,-0.2657,2.0283,-6.7348,2.1384,0,3.6613,3.2125,3.2914,1.3456,3.3823,0.2714,,,,,,
200409,6.5471,0.6204,-3.5181,7.6269,6.0969,4.4278,3.0893,-1.7174,4.5531,10.0993,2.3923,5.325,4.5678,-2.0674,-4.8919,14.9119,2.5116,0.4135,3.635,7.6772,14.6321,-3.0973,3.3519,-6.5976,-1.6716,-0.4342,5.8925,-0.4655,13.1394,-2.8188,6.9052,0.4487,-2.8131,-2.9019,-3.056,-0.1387,-2.0747,9.8997,9.1142,5.3045,1.3055,-1.0402,9.7207,2.855,-2.24,3.7528,-0.5783,0.6224,3.9832,1.1476,2.0547,,,,,,
200410,-6.279201,-1.4547,6.1326,-9.9506,-2.0138,-0.2735,11.987,-2.23,0.6915,2.4304,7.2307,3.3141,0.3722,1.5982,2.7512,-7.7792,2.6166,9,3.9771,-11.8344,7.2356,6.8083,1.2325,-0.1256,5.449,7.9858,-2.5183,3.6394,12.234,4.1379,3.4946,-1.2444,-1.3646,-3.0011,12.9597,-4.6759,15.678,2.5867,0.5982,-4.3532,0.9505,4.6791,4.1684,7.3279,1.9116,-6.0638,3.4901,0.5743,2.8898,-0.3094,1.7805,,,,,,
200411,2.5865,-0.3563,-2.3946,8.034201,3.9448,13.5283,5.4683,10.6043,9.102901,2.1431,4.3678,4.3948,6.1105,9.053,1.6065,6.892,3.6625,-3.8316,-0.6988,7.9421,-3.7024,11.8289,2.7394,-1.8441,2.1627,6.2847,8.875,-0.0163,0.6319,-0.6655,2.2403,5.5573,2.8368,3.0682,7.4419,10.5391,20.8791,7.386499,13.3362,2.8934,7.0619,5.6604,11.9913,4.3103,0.6656,5.0685,4.9727,10.8061,10.2547,-4.85,4.8207,,,,,,
200412,7.9207,2.3838,3.04,-1.6611,3.689,1.1272,1.4892,7.2192,7.9011,-3.8966,3.9207,-0.6612,-3.4699,5.5049,5.7974,-5.6969,-1.9231,4.2452,6.493701,3.104,3.3777,11.2854,-0.5356,3.2948,5.2829,5.6581,0.0769,0.065,7.6923,9.399,6.8911,4.6024,10.2993,3.116,7.8644,3.1319,11.2727,-2.5138,-0.276,10.97,3.7296,4.769,-5.915,-0.1983,5.0491,1.4342,4.9087,6.7861,-1.4218,3.401,3.5177,,,,,,
200501,-8.0914,-6.5483,-6.6253,-3.0604,-3.6961,7.0064,-1.5217,-1.3726,-7.3724,5.7895,-1.5473,3.0009,-0.9464999,1.1192,-1.3764,10.9758,-0.8208,1.4833,-5.0735,4.8318,-5.3528,-3.147,1.5766,-3.9768,-5.8117,0.4084,-0.9992,-5.1786,0.3644,1.2788,-1.6995,1.949,-6.3155,2.7903,-8.0268,0.7271,0.7625,4.5055,-9.0154,-2.2583,-6.7465,-2.919,4.4964,-0.8281,2.8736,-0.3749,-4.0799,0.6709,-1.4423,-0.7958,-2.6552,,,,,,
200502,3.1902,1.2626,-3.4368,13.6104,0.2942,-1.9345,1.1589,-5.9771,13.6058,9.8397,5.2427,7.5081,2.0339,-7.3603,-2.5698,12.304,1.3793,-6.0324,0.1106,2.2691,-1.0283,3.9595,0.9359,-0.2157,3.904,3.4124,10.4425,-1.3481,-5.955,0.9114,-3.8217,4.2059,-0.8821999,0,-3.4909,-1.1587,7.2432,22.9393,0.6084,5.628,-0.1014,-2.7544,15.048,-8.2832,0.298,1.5388,-0.751,7.1455,-0.3659,0.7086,2.2681,,,,,,
200503,-2.1998,-1.5378,2.698,-4.089,-2.84,-2.368,-0.5456,6.2431,-5.4599,-2.8015,6.2116,5.599,1.6137,1.2545,2.2738,-1.3095,-5.6418,-0.7084,3.2493,-0.832,6.6048,-4.6456,4.014,5.6109,5.1869,1.1684,-3.3922,-2.5403,-3.6293,1.3813,5.9603,-9.481299,-7.5951,2.0848,-9.5705,-7.1429,-4.5867,2.9996,1.9935,-4.7112,-5.2284,-1.5135,2.212,-7.9024,-1.114,-3.6499,-2.0959,-3.0513,-1.7136,3.2137,-1.6948,,,,,,
200504,-6.5469,1.8257,-3.4656,-11.8657,-2.8603,-7.7287,-5.4855,-8.3715,-3.4903,-9.9931,-9.1681,-1.8386,-1.4946,-7.3669,-14.6065,-9.764,-6.5844,-0.742,0.6102,-3.9678,-14.7929,-0.4122,1.0334,4.4718,3.091,7.8666,-9.1441,3.9579,-7.371799,-7.6157,3.3453,1.8147,1.3243,-10.7597,-7.4167,-3.0672,7.29,-14.9036,0.3399,9.1819,-1.5961,-4.9481,-5.4031,-1.2258,4.9217,0.432,-3.4807,-1.6631,0.4359,-4.9818,-2.5185,,,,,,
200505,6.8426,-1.7647,12.3335,1.8465,7.0839,1.7949,4.7011,11.5533,1.0277,0.8054,9.2206,6.3397,2.7891,-7.6014,1.7704,9.9731,4.6126,-0.9776,3.7103,7.5901,1.3072,4.2469,3.4603,0.5498,2.4361,-4.5455,-4.7907,-2.4101,10.7266,-6.9555,2.5434,11.8512,9.973,0.7846,11.1611,6.9814,5.0222,13.236,9.7607,-0.5391,3.2623,3.6719,1.6161,5.3643,1.1143,1.2453,6.7257,11.3839,10.2294,9.0797,3.7954,,,,,,
200506,5.7944,1.5826,-1.6495,6.0623,-0.4782,0.8396,16.5188,1.9041,-7.8285,10.291,1.5403,5.9982,1.8151,1.279,0.1023,6.8644,-4.3844,-6.2427,-0.7482,4.9738,-3.2258,-0.5006,-0.5364,-4.501,5.9371,9.5624,-1.7021,4.4202,3.125,7.1691,1.832,3.1125,10.2574,-5.6751,13.2793,5.4691,-1.5471,5.6444,1.2382,0.542,-0.1412,2.7124,10.5773,2.0897,-3.6793,3.0529,-5.777,13.2187,14.2857,5.3004,1.1533,,,,,,
200507,-0.7508,4.3053,0.3669,8.253201,-3.4937,21.0658,9.3244,14.0779,9.5585,9.1411,0.7392,6.867,5.1579,4.3493,0.0256,1.5508,14.8446,4.3762,3.1392,14.3916,4.125,3.4734,0.4918,3.5451,5.5336,4.2665,14.5887,5.7093,2.803,1.62,0.6665,4.2094,4.8451,3.7344,10.8649,-4.515,12.8095,10.1178,10.4529,5.8491,1.9705,7.444,10.6748,11.1277,1.1126,3.7191,5.0615,5.1649,7.0866,3.4516,4.3325,,,,,,
200508,4.6261,-1.5133,-7.9895,4.6922,-3.2303,-8.1155,3.7424,-4.3761,2.2643,7.0006,-9.4938,-5.3497,-0.5209,-8.6643,3.1937,3.2476,-6.9479,1.5462,-2.7054,1.6483,-8.8836,0.0504,-2.617,-0.8312,1.1536,1.4387,11.5225,-0.9984,-4.2741,-4.1093,-0.0552,2.3651,3.1107,-4.5733,3.1593,-4.2603,45.8421,22.6552,-6.3149,2.6993,4.422,-6.4991,8.3437,-6.564,0.5868,2.6708,2.8799,-0.1926,13.7868,-6.8814,-0.5946,,,,,,
200509,-2.5627,-0.4568,1.7026,16.4098,-1.3957,-1.3877,4.656,-0.3682,-3.9689,1.403,2.1739,-1.2257,4.3285,0.4312,-13.7658,-8.7466,-0.4849,-2.5235,-3.0153,2.4671,-4.9188,6.5257,1.3218,-0.06,-0.0296,-0.835,0.8853,-1.7193,-4.542,6.035,-2.2081,-2.8617,-0.4671,3.1061,10,1.4749,5.9624,2.4763,-3.4815,-1.1406,3.868,2.6667,13.0739,10.7527,3.8651,4.9002,6.7182,8.49,-0.525,0.1506,1.0606,,,,,,
200510,-6.4322,0.8448,-2.6228,2.2227,-5.8357,-3.8373,-4.4088,3.603,-1.1509,-8.8261,5.3191,-15.7316,-2.3839,-5.2424,-4.766,-6.0557,-1.2424,-6.5322,-0.9019001,-0.2705,-0.3695,-1.466,-5.8003,-8.344999,-1.194,-2.6385,-4.2862,-1.9015,2.2581,1.3719,0.17,2.455,-2.5322,3.5714,5.3977,-15.6008,-0.7648,-5.0608,-14.1788,-4.1134,9.6696,2.6778,-12.0338,-2.2977,4.1792,-2.0088,-3.1337,0.5735,-0.4466,-8.8221,-2.0877,,,,,,
200511,1.3138,4.4444,0.5158,5.4431,3.6216,9.7366,14.4235,4.8153,5.2924,11.0383,-4.0888,10.6923,-1.7197,8.071199,-0.4824,5.8111,10.3108,8.051499,2.4754,8.0022,6.4441,2.3036,1.0185,1.441,6.6465,0.788,9.7673,-0.1904,-0.6309,2.9774,1.4144,2.1299,12.0941,3.8431,5.2291,2.6406,15.2216,-2.9614,8.406,1.5956,2.0573,0.146,-0.2981,2.1862,0.2031,2.707,9.353,-4.5241,11.7455,3.1061,4.0329,,,,,,
200512,0.1813,-1.6861,-2.3945,4.2026,2.2597,11.9273,-0.6962,2.3335,1.8673,4.1577,-3.9147,-2.2206,-0.2187,1.5428,2.6356,9.158899,-8.0277,-2.1505,-3.4014,3.9809,4.2683,7.5997,0.1489,3.603,-3.3711,2.1138,3.357,-0.6242,-3.0952,1.2672,5.1325,-3.4672,7.96,-1.2487,6.8648,-2.9263,6.5695,3.4312,5.4613,-1.5654,5.3852,0.6875,4.0116,-2.3339,0.2365,2.02,-1.2035,2.1435,-1.7883,5.9742,0.3456,,,,,,
200601,0.4222,7.3193,8.469601,20.0046,0.4156,19.883,14.1697,-3.6772,-2.7248,23.7017,5.7701,5.2186,2.3761,-9.7367,8.9307,5.5751,3.574,3.5095,2.4435,16.8841,3.5923,4.7855,-2.2922,0.6664,7.1618,8.0542,12.9606,-2.2727,2.9484,8.7769,0.7988999,-1.8227,7.8177,-6.129,14.046,-2.9565,16.5658,21.3238,0.4904,-2.1248,-5.0336,2.0816,9.0662,11.6495,-3.216,3.5452,3.6814,10.5057,17.5399,0.9649,4.0033,,,,,,
200602,8.048,6.3198,8.993,-21.1984,-0.1626,3.3062,2.8765,11.2915,4.8892,-3.707,-3.5779,2.0533,5.9385,-0.9981,2.6049,-17.5746,-2.723,-5.9924,2.4575,-16.305,10.5645,0.7773,2.6066,-0.3103,7.51,0.1567,-20.2931,3.3351,-1.1933,-2.9129,2.6948,2.4473,-6.9072,1.7869,7.5242,-0.0597,-0.8654,-19.9684,1.9715,2.7137,2.9318,2.2431,-14.0449,2.9132,3.3753,4.1078,6.204,15.2748,-0.8852,-0.4276,-0.164,,,,,,
200603,8.900801,-1.9935,7.0652,19.0401,-4.53,-0.0501,-4.744,2.3499,1.8523,6.0993,2.4319,5.4359,3.8047,4.6142,-0.6146,6.294,3.7235,-1.5121,-3.7566,8.8395,0.9117,2.7273,-6.224,-7.0092,4.7552,-7.3717,12.5174,2.1633,10.2254,5.2967,9.7247,-1.2914,0.2217,2.8537,5.473,4.3923,5.6256,5.3219,17.5631,2.5363,6.9314,1.6155,4.5241,7.1346,-1.7933,-3.8401,2.2247,9.774401,-9.5694,-0.4587,1.9053,,,,,,
200604,-3.6299,-1.8399,-3.3226,8.5704,2.7765,15.9597,12.5989,-1.8804,4.6901,15.694,6.007,-0.3725,2.9228,-1.9717,-0.1882,0.7226,-1.5016,5.6431,3.3592,13.9746,-5.7824,-9.6216,1.7211,3.0642,-5.3552,2.0794,8.150001,-1.8975,6.5741,2.7857,3.5286,-0.9669999,-5.3272,12.8683,-7.7835,0.4611,11.6621,7.5639,-9.1036,-2.8601,7.4016,3.1386,-1.7329,3.9094,0.7787,7.0892,1.5784,-0.8128999,18.6949,3.1746,1.2964,,,,,,
200605,-5.1724,-0.5723,-6.0621,-13.3013,-3.9611,-10.6081,-9.2853,0.6685,0.0457,-1.6815,-2.4768,-6.1238,-3.0174,2.8843,10.2909,5.3059,0.9052,1.7282,-6.0357,-6.6481,1.3809,-0.6533,-0.8828,0.6944,-6.1134,5.5741,-9.512899,-3.7278,-2.536,-7.2784,-7.2938,0.718,-7.5935,-1.5334,-2.4518,-7.2289,7.9112,-4.2192,-2.0031,0,4.439,-7.0813,-4.5749,-4.6705,3.8118,-3.2714,-2.3367,-13.5833,-5.5869,1.2655,-3.1045,,,,,,
200606,4.0909,7.0223,-0.7622,0.3036,-2.5284,-5.422,0.4843,-8.085,-1.9032,-4.6503,-0.2579,10.0358,2.8598,1.8074,-5.5447,5.9359,-6.1379,5.1737,2.5276,1.855,0.2648,-3.7214,2.0658,-6.7848,5.8873,0.3886,6.6179,-3.9635,1.8987,6.0215,-0.7843,-2.2482,13.1196,-3.4545,-5.9745,0.7421,3.9552,-4.1477,0.2124,-2.4934,-3.1349,-2.1421,5.5134,-1.3609,-0.1985,0.4628,1.5633,-0.3934,8.7189,2.175,-0.0386,,,,,,
200607,3.8223,8.7218,-8.448501,-0.97,3.9152,6.1114,8.6118,-6.6062,-16.316,-5.6026,-10.185,6.706,2.7345,-5.1273,-3.4911,-7.8768,-11.2173,1.1826,5.5265,5.5265,0.3774,4.1505,3.8782,-0.9504,5.7839,1.8828,-3.9093,12.6178,3.3126,5.632,-0.4462,4.54,0.5501,-12.8389,2.1472,-7.8576,0.1539,5.8749,-8.3179,14.2546,-6.6407,-3.9178,7.0022,2.1247,5.563,1.0985,-5.8346,-11.6621,1.9977,8.3696,-0.1884,,,,,,
200608,3.4029,3.8013,22.9866,6.6899,3.0455,6.421999,6.0947,5.3763,6.7039,-8.1981,8.6222,2.5367,0.7908,0.23,-1.2326,-4.6638,4.9008,5.0402,2.9016,-4.9395,8.1955,0.6269,-1.3705,6.6932,7.9213,6.0104,0,-2.2203,4.6092,-1.0677,-3.4363,10.6571,6.3143,2.5,1.2012,-19.189,5.841,-2.5955,12.1063,5.6667,-6.2923,4.0996,-3.3261,5.9173,2.9978,7.0924,4.6566,2.6267,-2.4695,2.6674,2.5048,,,,,,
200609,-0.3767,4.5936,4.502,-7.2153,5.2407,5.7184,1.7847,3.955,-0.1052,-2.9767,6.4853,-4.2623,6.0992,7.0363,9.414001,-2.7806,10.262,-1.1905,1.6678,0.8139001,7.5747,-2.3584,0.6828,5.4102,-0.1847,-0.7215,-7.0537,0.4541,13.2822,10.8223,4.1001,4.0537,-1.7022,3.7936,1.3989,-5.2331,-13.278,-10.3369,-3.1585,2.4335,0.1251,6.1825,1.2362,0.3316,0.4289,2.2735,2.0816,2.7441,2.5611,2.0167,1.9424,,,,,,
200610,1.4369,6.2116,5.0044,14.1429,2.6929,4.8358,-1.3151,3.3528,-3.3439,-1.534,14.5245,-2.1832,-0.4744,5.502,0.1488,-0.8202,1.396,2.6577,0.034,3.7052,0.4199,-0.4411,9.4435,3.1922,4.3261,2.3786,0.9065999,2.2312,4.115,5.1982,1.9896,9.3489,2.5664,5.9393,-2.6756,8.2012,6.9378,3.1597,9.434,1.1219,13.6604,-4.4132,5.8432,9.0008,-2.7888,2.5934,0.6439,3.9943,-4.5119,7.4774,3.7125,,,,,,
200611,5.8959,-0.9927,11.5209,3.9517,0.8079,-5.8747,5.136,-1.3804,6.7557,9.323299,2.9095,-8.3174,5.2602,2.9222,2.2283,15.4156,1.9324,3.3138,2.1784,8.423201,-3.4738,-1.2681,3.654,-0.9705,7.3236,-1.3714,-0.4992,0.1031,3.1402,-0.3533,1.1461,4.8656,1.0216,3.9067,3.3935,3.3855,16.5101,10.1159,2.6847,-2.6757,-0.2575,7.0724,9.7696,2.2393,-2.3171,0.4423,3.3472,13.1648,2.4071,12.8249,2.3705,,,,,,
200612,2.6087,5.4261,1.5608,-8.9709,1.7998,13.9621,-1.558,-2.6729,0.3076,-6.9472,-3.9059,7.4383,-0.6547,0.6933,0.0727,-6.319099,-5.9005,5.0118,3.3478,-2.338,0.2999,-0.1548,3.9286,2.2104,1.7865,1.9101,-1.883,1.7511,-10.0262,6.9196,-1.567,4.1538,2.7106,-4.3334,-6.855,6.0117,-2.3426,-8.0138,6.2845,4.9888,6.0494,-0.8428,-8.4197,3.331,1.42,4.4189,1.707,4.632,-6.2681,0.4638,1.0856,,,,,,
200701,2.7027,6.2518,-2.5979,3.7547,-4.1933,-1.1359,6.8401,10.1301,9.5834,-3.374,2.3129,9.0222,5.4203,4.8684,16.3645,-2.2419,3.6263,-0.1922,3.568,-1.0368,4.4851,10.849,-4.214,-2.2227,11.5487,-3.07,-1.9534,1.0566,0.1167,2.0017,6.3437,5.1665,-2.5305,-4.658,8.7422,17.3813,1.5336,-0.8825999,7.7362,7.0489,7.6117,13.8596,4.4872,5.6525,4.3006,1.7093,1.9959,11.0769,8.8545,-1.8111,1.9404,,,,,,
200702,-0.2007,-2.2057,-2.5545,-0.1739,2.913,-2.0517,-2.7868,-3.0515,1.3992,-0.6934,-3.4494,-6.627,-2.2649,-3.2936,0.7789,4.5464,-0.9235,-2.439,1.378,8.0381,8.4579,-1.8342,-0.151,-6.9629,-6.8867,10.6351,0.4544,1.8381,-4.2541,-9.506,-2.6821,-6.742,-4.1984,0.3499,-5.2912,4.3205,-6.8552,14.8417,-4.2576,0.7048,1.3195,-2.9514,-6.2634,-5.4127,-3.2036,1.6235,-3.6858,8.8156,-6.968101,5.7052,-1.3994,,,,,,
200703,1.1285,7.1467,-1.5806,15.2935,-0.9435,-7.4152,0.594,-3.7411,0.1617,12.4688,0.2071,8.656899,0.0262,2.6597,2.0472,3.049,-10.5993,1.4145,0.5406,10.7017,12.1079,4.1791,4.6004,-1.3904,-6.0235,4.2166,6.0532,-1.0432,10.3469,5.1255,-0.4751,-0.3822,-0.7967,3.1722,-8.0987,2.8614,1.8295,11.703,2.3673,5.6539,1.3557,0.162,5.5708,3.2921,1.1243,-0.6449,0.0929,7.8838,-1.7732,12.8444,1.2946,,,,,,
200704,1.9031,-0.9003,4.7395,1.9376,11.4637,8.2262,-2.439,24.8734,2.9514,16.3858,7.0983,6.3269,3.1283,3.4231,5.261,3.8202,3.795,3.8876,-2.4119,2.8348,2.8243,-4.1124,5.6159,-3.0886,-1.426,9.751101,8.809,4.7192,3.6955,7.0086,0.3954,9.8623,9.3665,8.2952,4.0528,2.9649,9.5549,9.0757,-5.2206,7.5185,8.148399,5.2746,5.273,11.3583,3.9805,5.5392,9.0508,7.855,6.8783,-1.8309,3.9821,,,,,,
200705,7.4593,6.7665,0.6731,17.1828,4.5909,1.434,13.6316,5.7059,15.3639,3.5245,9.473,6.3466,2.2166,2.5437,-8.0124,6.6919,2.3752,5.1887,4.7529,9.8033,7.6043,3.5883,4.5266,5.6813,-4.0934,4.018,7.0952,1.486,3.0851,1.226,8.413899,-0.5136,2.83,6.8503,8.4692,7.5364,45.3597,11.3141,2.0281,0.3708,7.2022,8.4935,5.3657,4.879,3.3893,1.8974,3.6657,6.7858,7.2219,-4.8881,3.8932,,,,,,
200706,-0.7487,0.387,3.4547,5.2351,3.8131,7.4844,-2.7327,-0.403,6.7991,1.6562,-3.3668,-5.4229,-2.5174,1.289,-3.7844,0.7458,2.7894,0.3009,-6.5185,0.8039001,2.9307,-2.3461,-7.8101,0.1534,-13.6089,-6.9231,2.7019,-4.3291,1.7028,-1.3641,1.5413,-10.3242,-7.4279,-1.3301,-7.7662,-6.0165,6.5641,10.3653,-1.6674,-0.585,5.8341,-3.5268,2.149,-5.2747,-4.5441,-2.1379,-3.4056,4.2331,-1.4938,-6.741199,-1.4754,,,,,,
200707,-6.4832,-4.7831,3.8061,13.8523,-7.6284,-2.5532,-0.8095,-8.1745,-8.2087,0.1629,-1.6198,-3.2922,0.8054,-10.3396,-1.0767,4.3742,-7.2787,-5.0105,-8.925099,9.1367,-12.147,-6.9507,-3.8158,-10.3305,-8.760699,-3.3747,-7.5048,-11.4512,-2.9934,-8.7935,4.2755,-10.7008,0.8501,2.4542,-16.1612,-9.708099,-0.2166,15.2245,1.4866,-6.638299,-2.2631,-8.8468,-4.7005,0.9474,1.1874,-14.4256,0.5769,-15.4425,-0.0551,-3.5966,-3.1758,,,,,,
200708,4.7417,1.8131,10.4116,-6.9802,-2.132,-1.9849,-4.8968,-5.1611,3.5572,5.5124,2.1223,7.4737,0,-6.6187,-7.6188,-1.4708,0.2462,-0.6317,-1.216,4.8333,13.5651,4.0316,3.0832,0.659,8.1181,1.3685,6.976,5.9248,6.0669,-2.3485,-2.6917,8.7437,3.3201,2.8677,-15.8747,-9.5832,15.7343,6.569,4.2115,4.1065,-0.0442,2.5483,0.9382,3.869,3.6727,0.9284,5.1466,-1.208,1.4069,1.8654,1.1631,,,,,,
200709,-3.6682,6.1199,3.7904,19.984,4.4357,11.2353,9.894,-7.582201,4.8912,15.0737,3.3924,4.7858,7.5229,0.7473,2.0918,14.6866,1.2278,0.9536,2.2991,12.8654,-6.6974,-8.379601,2.4263,2.1898,4.4471,6.6365,4.4713,-6.92,6.7554,1.0101,5.7575,5.7157,7.4321,2.8465,-16.2388,-1.3787,12.6784,12.8906,-0.0222,3.0816,4.7215,-0.5287,10.6626,6.4356,8.239,8.360701,8.104799,-1.0741,10.5278,3.3273,4.0849,,,,,,
200710,-4.6949,-0.39,-0.211,12.4917,-9.154,12.3077,1.4699,-11.1336,-7.5638,-3.379,19.4797,5.2738,8.0265,-7.1493,3.3914,5.3513,-1.3747,-8.7909,-6.025,5.4936,-5.5254,8.7958,2.3947,7.1667,2.9498,9.8461,-10.4711,-8.9704,2.4018,7.1905,4.5246,1.5914,4.8239,-7.7153,-14.636,-8.8248,12.9068,1.3702,5.8406,6.6276,11.049,2.5298,12.2596,1.8884,0.6279,-4.8583,-1.785,-3.1449,1.0829,7.9104,2.5833,,,,,,
200711,-3.076,-8.5666,-15.245,-15.933,-18.6518,-14.3836,3.0783,2.7911,2.9196,-3.528,-7.7477,-3.7686,-2.3967,-2.5261,2.2323,-2.611,-12.5717,-3.6186,-5.5766,-4.242,-25.1697,-10.9951,-1.1089,-3.1548,-4.4831,-1.5342,-3.6079,-1.928,-8.9761,-21.6176,-2.9833,-13.361,-0.7251,-3.0338,-58.7074,-27.9828,-14.3465,-6.9497,-3.6718,-0.2333,-11.6651,-9.383101,-11.3383,-1.9895,4.6934,-1.2827,9.6614,4.2868,2.1427,3.0814,-4.922,,,,,,
200712,-2.7446,8.7673,-3.3908,3.548,-13.3948,19.5429,-6.4559,0.8275999,-10.0116,9.5497,3.0148,-0.8480999,0.2365,-0.8223,-1.6043,18.6242,5.0953,-2.5501,-2.4307,3.25,-9.5604,-4.4261,-9.296599,3.5903,-4.435,0.7031,3.0103,-3.5168,11.893,0.7398,-4.9744,-9.7049,-4.1766,1.2731,-22.8261,-13.5063,12.8681,7.7916,-2.0911,-2.6766,-6.3439,-6.443,7.5353,0.0694,-1.1726,-5.441,-0.6314,-1.4493,-0.8343,-0.855,-0.4434,,,,,,
200801,-11.1915,-6.4244,-9.4936,-12.8685,-10.5546,-13.2569,-12.1361,4.4837,-15.0204,-10,-10.3475,-1.9623,-4.6859,-1.0088,-3.1873,-13.4724,-2.3795,-5.7196,20.8537,-17.058,8.0633,0.4329,-3.0255,-9.5312,6.4705,-6.7859,-7.9756,0.0689,-8.990299,-6.5901,-4.3062,6.7051,4.4209,-5.5384,40,2.6923,-20.2101,-18.0506,-3.3978,4.3239,-2.1643,5.9406,-4.3415,-10.7316,-10.3426,-6.2092,-10.3777,-7.0287,-13.1731,-11.2424,-6.2147,,,,,,
200802,-1.711,-9.509,-0.449,13.5555,-19.8667,-5.9148,2.6984,-0.5745,6.4573,11.6294,0.8489,3.778,-3.1705,2.0637,0.8527001,9.75,-10.908,-8.6043,-12.519,6.4128,-4.2128,1.9655,-6.6151,2.9224,4.0942,-0.9855,0.2316,-16.8044,-8.5158,-14.6332,1.7667,3.1845,-11.6279,-0.9416,-14.0845,-14.382,10.8705,3.4884,-3.8668,-2.5429,-6.8066,-5.4907,20.776,8.623,2.2189,-5.6837,0.9453,-12.4392,-0.0831,-7.9885,-2.1664,,,,,,
200803,-7.9649,9.9627,-1.23,-4.6004,-16.9995,-4.0219,2.0031,2.8565,6.4979,5.1509,8.0116,0.3219,1.8571,10.3345,7.6797,2.1896,-0.8339,-3.0702,-2.6019,-1.9774,2.8327,-11.0078,-0.9797,0.5746,9.599299,8.5772,-1.3608,-1.3797,4.0426,8.4995,-3.6685,-3.0863,-4.7949,0.9566,-9.6019,-7.0866,4.9789,-6.2921,1.2358,-1.6647,3.2562,-1.2567,1.7231,1.627,4.3344,1.7413,0.9812,-1.329,-4.4334,-3.2716,-1.042,,,,,,
200804,-2.3767,2.1149,6.4342,18.6734,18.0711,5.2956,10.7371,-16.1327,-0.4486,11.315,9.728601,-0.1975,8.876101,6.2202,-0.5234,9.983,3.7491,4.6606,7.0524,18.2277,14.5343,-0.8379,3.6513,6.9031,2.3471,5.1803,21.6353,-0.9977,6.5951,6.9365,8.720901,-7.055,-0.0355,-2.8427,3.1088,25.0471,-2.2619,17.2491,8.5777,7.7828,4.3195,1.302,8.6936,1.8121,-5.0831,4.1827,1.5546,3.0235,12.6413,7.2535,5.1105,,,,,,
200805,9.121699,3.0741,4.2122,1.7231,0.0573,8.888901,5.2971,1.8274,-0.3605,13.1276,-2.409,5.9946,1.9133,-3.4195,4.3631,2.7646,-0.304,-5.7501,-2.9561,8.1251,16.7722,8.584599,9.7494,5.1882,-2.8335,3.533,1.7981,7.054399,9.5444,-8.9918,3.586,0.7874,2.3062,1.5084,3.0151,4.8193,15.7708,21.7239,9.0158,-1.9576,-3.4033,0.7048,2.2399,1.9872,-0.3356,2.6042,11.902,6.9985,9.3694,-0.038,2.3841,,,,,,
200806,0.699,-15.5639,-12.9491,1.2791,-40.0172,-13.834,-7.5897,-16.2188,-15.0091,8.6785,-11.6121,-7.5251,-8.6272,-11.0644,-2.416,5.8284,-10.1965,-9.5216,-22.5413,3.9827,-11.4092,-8.524899,-2.8707,-11.8047,-7.7045,2.2273,-10.0737,-29.2899,-8.056,-18.449,-9.2924,-22.5,-9.6668,-10.2759,-23.4146,-39.8707,-0.2257,6.481,-6.6612,5.0041,-15.414,-7.0811,3.7778,-5.5744,-6.2738,-17.839,-15.0052,-11.2263,-8.8491,-2.2214,-7.8433,,,,,,
200807,6.2728,-7.3612,-5.46,-17.0684,-12.9864,-2.8774,-0.8284,22.6308,-3.8205,-23.9161,2.6218,-7.584,6.2827,11.2887,-5.0592,-18.6843,7.2803,-15.9138,8.9347,-13.7127,14.714,4.1683,-3.4401,-21.1159,1.3616,-12.6056,0.2429,12.0562,2.5238,10.2024,9.4276,-14.5141,-0.2305,1.1496,-3.8217,-27.1207,-22.9763,-11.3729,4.344,7.3037,5.1604,-0.7807,-21.0303,8.595,4.6705,6.1673,-1.5167,1.3322,-1.3684,-1.4493,-1.3328,,,,,,
200808,3.872,3.8299,9.3679,-7.6796,12.3533,10.4766,-1.3604,8.0449,3.0833,2.2529,-0.3908,0.274,3.545,-3.7702,12.8571,-1.1915,8.298201,0.4884,-3.2597,-2.4497,2.2933,2.3264,2.8795,7.2254,7.852,-2.7474,-1.5748,-2.1936,1.8579,3.4195,1.1385,6.9882,7.6834,2.4293,5.9603,24.918,-27.145,-6.2317,0.2577,-1.2389,2.5199,7.8013,7.5456,0.0661,2.8846,6.4151,-3.2854,7.9356,-2.0942,7.7206,1.0564,,,,,,
200809,-3.3135,-12.7227,-6.1954,-36.3524,-9.801001,-18.1428,-12.9688,-2.5442,-15.5971,-34.8367,-8.6043,-8.032801,-20.2384,-17.8638,0.2813,-18.3242,-6.7857,-9.6356,13.1522,-17.2784,-5.2138,-10.1128,-3.5816,-2.751,12.7265,-17.5619,-12.2834,19.0815,-7.3871,-43.6689,-8.2142,17.3413,-7.8217,-4.595,-12.5,-24.6719,-26.4325,-31.8731,-0.6425,-2.8225,-1.4877,-12.2836,-10.4753,-9.181001,4.6948,-15.6619,-12.8419,-0.8149,-22.5401,-4.6114,-9.8007,,,,,,
200810,-31.487,-2.6862,-21.2323,-48.0035,-45.9309,-28.9323,-10.1751,-41.1653,-40.8085,-32.856,-10.4569,-8.7374,-17.5903,-27.8127,-27.79,-21.0477,-17.4504,-32.8093,-0.1932,-37.0524,4.5655,-22.4838,-12.014,-34.2291,-17.6851,-13.3823,-43.9859,-15.8585,-9.9458,-22.8696,-20.9473,-40.8075,-22.9709,-5.8703,-35,-71.4286,-32.955,-40.4937,-28.4113,-7.8318,-41.543,-21.5621,-11.3377,-26.1818,-20.0084,-58.7596,-19.7597,-30.0054,-26.9244,-12.0468,-18.4603,,,,,,
200811,8.562301,6.6866,-6.9218,-17.4467,-48.1443,-15.1576,-15.6917,-14.6624,-14.0379,-24.3483,-7.1355,-5.6117,-14.3402,-17.326,-21.0599,-12.5197,1.3502,-32.0448,-19.4579,-13.0256,11.2309,-14.8691,5.3541,-36.9892,-14.2454,4.5999,-7.4937,-18.2675,-12.0284,-15.5695,1.2658,-69.82211,-4.8903,4.8678,-25.8242,-53.6585,-43.0823,-5.353,-19.6627,-12.5475,-0.3948,-2.9017,-10.5367,-12.1182,-0.5438,-20.3596,10.663,12.3246,-33.538,4.2221,-8.4615,,,,,,
200812,2.8991,-0.2101,-1.451,1.8758,-22.664,15.0598,7.6358,5.0025,10.6505,-15.2702,16.9265,-0.6568,11.4573,4.3062,10.9677,0.681,-3.2889,27.3952,0.4808,-2.8436,-1.4188,6.4268,-2.662,-24.5734,15.3956,-1.0674,35.286,-10.51,10.1927,8.7458,4.0833,-23.5849,7.0064,-14.0296,-14.8148,-7.8947,1.3333,-13.6091,16.2728,1.7958,3.5674,8.273001,-8.9439,-4.5123,-2.6543,37.2178,2.0061,10.7713,24.9467,3.2618,2.2148,,,,,,
200901,-0.6952,-12.1754,-8.1595,2.8642,-21.6216,-18.3518,3.4789,-19.1536,-6.5706,1.9409,-8.5397,-6.2065,-0.8856,-2.6852,-15.2132,-0.3833,-2.0663,-29.8544,-52.2892,12.9756,2.4466,9.2254,-3.2801,-27.1493,-22.1761,-2.4995,-24.1467,-16.0705,-5.0761,27.8055,4.3163,-11.7284,-5.4564,-6.5172,-0.8696,-1.4286,4.9595,8.1833,-3.1526,9.4421,-31.1123,-8.3284,-6.2548,5.4594,-8.2892,-18.5775,-10.6801,-17.0581,11.0353,-1.0806,-7.7324,,,,,,
200902,-2.9845,-3.4525,-2.672,21.0024,14.1379,-2.2053,-4.0211,-32.2166,-11.4127,-3.2638,-8.1761,-4.2411,-22.7569,-4.6147,-13.7143,-4.7985,-8.7472,-25.2595,-12.1212,-16.753,-9.1079,-13.8114,-22.4058,-29.1925,-10.3281,-11.9421,-16.9913,-9.904,-7.6649,-3.4108,-23.0472,-52.7972,1.7576,-14.538,-29.8246,-42.029,13.6933,1.0968,-9.607,-13.1969,-9.0328,-14.3954,-29.1071,0.9184,-4.1609,-43.2254,-17.1865,-4.4213,-10.1434,-6.9433,-10.0212,,,,,,
200903,9.4569,6.016,15.0995,25.2794,67.9758,21.2598,4.4986,33.1084,-2.6798,3.7488,4.5662,6.7988,-5.089,-2.4439,8.83,7.0796,21.8334,-8.1019,-6.3218,13.7448,14.7604,-2.5578,5.4539,18.4211,0.5768,-3.8755,14.6141,22.3184,16.2806,16.5302,-12.8643,38.5185,23.2834,9.3709,55,127.5,13.5708,7.4074,4.0843,1.1196,6.5905,10.0149,2.7021,-1.6271,7.8209,-22.1187,6.8411,3.5789,16.3626,-1.4605,8.669,,,,,,
200904,-3.4495,3.2937,15.2057,11.9129,74.1758,6.2049,4.3707,52.6191,57.7536,50.2258,22.0524,15.8831,25.1503,22.5266,21.2982,6.5669,3.8026,81.6326,-0.6154,16.6439,-4.9607,7.338,6.7509,45.9259,21.0136,1.6303,15.1862,14.5822,7.3049,4.1136,22.449,65.2406,-2.3032,15.8487,15.3226,129.6703,20.5377,5.4685,26.8219,-5.3104,58.4167,30.5975,16.0215,-1.654,-3.3411,68.1614,19.1043,5.9647,20.1372,-2.6401,10.9359,,,,,,
200905,13.628,-3.2397,-4.2443,27.6202,6.4143,7.0143,0.3463,-5.7352,-6.2471,24.4739,3.8381,-6.2303,10.1219,16.2037,10.6355,24.2088,-9.2362,5.0562,1.2384,22.0876,5.7393,5.8005,2.2996,-1.0152,-0.3739,5.2135,5.7214,3.3365,1.2927,28.2572,8.5238,-11.0032,-5.315,0.0174,0.6993,129.6651,36.1214,27.5429,-9.2486,5.5464,4.8396,-6.1267,21.9672,10.9179,4.6021,68.5943,-4.7591,-3.0465,-1.0604,0.0357,6.7789,,,,,,
200906,1.7828,0.2017,0.8108,-7.9368,14.2292,13.8658,-1.0668,0.9967,3.3119,-5.5073,-3.7251,6.9463,-1.9859,-5.9037,-1.2394,-7.9478,-1.9322,-6.1497,-8.256901,-9.382,-5.9638,-14.0559,7.5372,7.1795,-0.8707,6.6653,1.0053,-2.214,9.3415,-5.9697,7.9421,55.6364,7.817801,5.2539,-10.4167,17.7083,-7.5558,-15.4324,-7.2192,3.9656,9.633699,-4.3137,-13.5674,4.7803,6.4553,-9.1821,0.966,-2.6881,-0.9893,7.3112,-0.3098,,,,,,
200907,2.2476,7.2464,18.0161,20.3353,22.8621,10.8305,8.1192,34.14,38.1818,-4.09,6.9286,5.291,0,17.1463,11.5396,7.1429,10.2452,17.7905,17.3913,10.3534,9.5487,9.0016,7.6875,92.3445,10.8277,-0.6835,19.3208,12.7187,3.5481,0.1403,8.9717,12.4611,12.2951,17.3378,16.2791,51.3274,-3.7912,10.0429,23.837,6.4388,19.1529,18.6466,6.5872,11.0621,3.2569,23.1842,12.2839,9.1151,19.6503,3.1376,8.171901,,,,,,
200908,2.676,-0.6862,-1.8628,4.4444,23.2244,5.5823,-7.1575,13.2247,7.2022,6.3433,-3.4123,12.0669,6.8604,4.8643,-1.6191,-1.6323,8.9754,25.944,5.4131,14.3452,8.282701,3.8439,0.9286,73.1343,-2.7835,-0.6193,4.0236,11.8708,-1.1297,1.614,-3.7218,-31.3019,4.7539,2.9637,17.3333,13.8012,21.5967,1.1408,-1.5894,0.9757,-4.289,1.9427,5.6636,-0.1546,-0.141,19.1128,2.254,2.2191,-6.541399,4.422,3.1459,,,,,,
200909,6.4226,3.6852,8.9815,8.9393,1.2104,9.6867,15.0079,8.955,-0.7122,3.9098,-1.4307,-4.7441,9.1401,8.804,3.431,1,10.4592,17.118,1.6216,5.9087,-2.523,8.9185,2.5589,7.7586,7.4273,-0.7997,10.9901,11.4361,-4.7532,6.6298,4.4904,30.2419,1.5021,2.3578,-0.5682,37.3073,6.3552,18.652,-2.2337,0.6149,3.7142,5.1063,9.9544,-3.4063,4.3056,2.6545,8.7063,5.1267,16.7535,-0.2102,4.5222,,,,,,
200910,-3.3929,-3.4432,-3.1011,6.9232,-6.0137,-7.0738,1.1538,2.3299,2.9997,-15.4366,-1.7772,-1.0178,-2.3529,-2.0412,14.617,6.2011,-8.644,-2.1559,-40.8,-2.2475,-7.2925,5.7463,5.2362,-15.2,-2.1797,-5.3607,-5.9752,-6.4712,1.4875,4.1775,-2.484,-17.0279,-0.8985,-0.3117,-16.5714,-37.1257,-12.0301,-4.9617,-1.8981,-5.1745,-6.4163,5.9499,-3.8913,3.0456,3.222,-7.9892,-5.8134,-9.5036,-3.6352,-2.9065,-2.7993,,,,,,
200911,11.7991,4.9474,2.5866,12.8681,11.5783,5.6856,11.1352,4.1905,12.1874,-4.7347,7.041,-12.153,5.1037,6.9151,11.4824,-7.3602,1.4446,9.0678,-12.1622,2.2451,8.5088,13.7262,8.464,-0.9434,8.125,3.7159,12.3922,2.5946,4.6445,-1.6812,8.8383,9.7015,3.4311,5.9535,12.3288,16.0714,-5.803,7.636,5.4819,0.9064,13.0853,7.3845,4.0797,4.9556,2.7581,-3.8607,10.5828,2.8445,21.4097,5.6291,5.7098,,,,,,
200912,1.7421,4.046,2.3077,-3.0314,0.6554,5.573,5.5963,8.7648,1.0461,7.2455,-0.8506,3.8697,3.4446,-0.5297,3.2671,-3.8837,-7.1912,9.712501,5.641,10.582,-1.3682,0.574,9.997499,10.4762,3.041,1.4321,-3.8914,4.0393,11.096,-6.2698,1.0638,-17.0068,8.395,6.7536,7.3171,34.5641,14.6609,2.4872,10.0204,8.1027,1.183,6.732501,9.369,0.974,-1.559,8.5989,2.8737,4.8306,6.405,6.968101,2.8419,,,,,,
201001,-6.0757,-8.0271,-6.1404,-16.7518,-8.5106,-17.8374,-1.7588,-6.794,-9.177401,-12.4511,-1.5728,0.7684,-1.3789,-0.0732,8.602099,-5.7565,-3.6824,-7.9602,34.6341,-9.9043,2.5259,2.5744,-3.5559,-2.2988,-2.787,-6.650301,-5.4829,16.7061,-5.7888,-9.3581,-5.3691,51.2295,-8.744599,-2.637,-13.6364,-17.5305,-1.6243,-7.2352,-3.7014,-1.8575,2.1659,-0.5048,-8.966,-3.2292,-1.9408,-1.1656,-2.4883,-11.4417,-5.3791,-1.8224,-3.7096,,,,,,
201002,0.7645,-2.1688,8.2777,12.7006,8.9445,2.0855,0.4947,12.5166,-1.4787,6.4413,-1.4323,4.2632,8.5266,1.7782,14.4897,2.0948,0.6372,0.7722,3.2609,9.214,12.5606,2.7215,3.2826,12.0588,3.8015,-3.9347,17.4476,4.5494,6.8951,5.2278,5.0392,16.5312,1.7043,0.2298,5.9211,-2.7726,-3.26,6.2836,7.557,-1.146,11.7499,11.7073,2.9144,5.6771,4.7803,2.441,14.7689,0.5557,2.3281,2.1179,3.4775,,,,,,
201003,5.588,4.1516,6.9873,11.1495,3.9956,11.7857,-0.1172,3.6716,9.2761,-4.973,13.6714,8.3259,6.4094,6.0732,7.8829,8.2659,13.3522,7.2031,15.7895,4.2062,6.2433,6.5793,3.9383,10.8924,12.7144,1.1778,14.411,5.571,4.3002,3.939,3.8024,18.1395,11.7919,4.267,2.6398,9.3156,17.8118,-6.4182,7.662,2.7402,6.4952,0.8559,-6.201,5.4747,6.6272,21.9222,6.3371,5.4658,1.1376,7.9687,6.3605,,,,,,
201004,-3.8071,2.4768,3.4575,-9.4087,-5.8201,4.9293,-4.2244,24.7794,6.051,14.1866,11.2184,1.224,-0.544,1.4118,1.6186,7.0475,-2.9893,16.4275,-8.5106,-7.9328,2.5329,-3.7191,8.0045,29.4675,5.3484,-0.5022,17.2276,10.4101,0.8071,3.3458,6.9263,20.6693,-2.4954,6.1027,2.2693,31.4783,1.8202,8.5017,6.9064,-18.866,1.8187,8.256399,4.501,7.465,-1.4208,-0.3257,3.7545,14.7576,-0.994,0.5427,2.0043,,,,,,
201005,0.645,-6.7536,-13.9993,-7.2554,-1.0674,-18.7908,-0.6861,-3.6741,0.8924,-22.032,-3.4653,-6.2026,-11.0791,-6.2104,-11.605,-10.8396,-4.6222,-9.8583,-1.6611,-8.2615,3.0797,-0.5765,-5.5221,-19.287,-4.3546,-10.2432,-17.7942,-9.2857,-12.7477,-10.2912,-6.1553,-13.0506,-5.4169,-9.9639,-12.426,-21.627,-19.0806,-13.3999,-6.9941,-10.5676,-15.064,-9.7023,-5.1686,-5.8249,-3.5725,-13.5011,-10.4442,-2.7639,-2.1664,-5.699,-7.9137,,,,,,
201006,-0.8593,-0.4527,-7.9879,-15.5889,-8.5179,-9.3211,9.7952,-15.9134,-7.3707,-6.9405,-4.6642,-15.3335,-13.137,-2.6527,-4.359,-7.175,-7.8077,-10.9364,-13.8514,-10.1657,-0.2317,-1.9861,1.3843,-15.855,-4.2939,-1.6321,-9.725599,-3.2021,-4.918,-14.3858,2.7472,-9.5685,-3.2065,-0.4035,-20.1351,-17.1308,-2.3445,-13.0081,4.0184,-3.0784,-5.3628,-9.4461,-4.3383,-5.7818,-2.3215,-8.2011,-5.9216,-8.6024,0.6211,-1.8112,-5.0717,,,,,,
201007,6.9348,8.9706,8.259,21.495,10.7433,16.1022,3.9101,-5.1469,8.6112,23.2877,6.3268,4.971,4.5936,9.2479,11.6993,10.4945,10.388,15.8706,3.1496,21.7405,6.4617,-3.9869,1.2059,5.7874,11.6141,10.1659,29.3574,4.1542,10.3914,16.5015,7.1645,7.6763,4.806,8.2922,23.7733,25.6619,8.5411,18.4155,3.7224,7.7018,7.2199,14.8456,2.5772,-8.5423,6.4971,7.2458,13.3898,0.6957,6.0386,9.262199,7.0293,,,,,,
201008,1.516,4.202,-13.3723,0.629,1.0152,-6.6018,1.3408,-10.4562,-13.1607,-7.963,0.9685,-12.0886,-8.7837,-2.6123,-9.9277,-1.6712,-3.6659,-8.0452,-21.374,-7.0978,2.1491,-7.1584,1.4948,-13.3588,-0.1019,-1.3985,-2.32,-10.2972,-7.5931,-8.5217,-7.6271,-2.1195,0.6715,-7.5579,-15.2597,-26.094,4.8637,-3.907,-9.606,-2.7873,-7.9139,-7.5491,-3.5366,-6.1079,-1.1246,-10.2535,-5.1574,-13.8173,4.0749,4.9793,-4.2813,,,,,,
201009,11.1311,5.8084,9.5822,18.6137,21.4964,17.0342,9.3897,9.169399,9.9908,14.6881,10.4556,16.642,12.4217,-1.4753,12.7698,15.6087,8.0816,15.329,19.9029,16.8026,7.7034,10.9312,-0.7684,15.7122,-0.1836,4.5678,17.273,8.1081,22.9114,-0.0405,4.2813,14.3701,8.3198,10.3883,17.5237,27.7412,15.2886,18.4427,3.0149,12.8085,15.4542,14.2431,7.6642,13.6752,4.2692,2.3534,12.8832,5.1503,7.3687,2.0711,9.1517,,,,,,
201010,4.8657,1.1888,4.3836,11.3655,-2.3546,8.3373,0.6828,-6.3365,10.0812,-1.6959,8.141601,-3.98,9.1228,4.8602,12.5573,5.2326,-0.2904,6.8553,-12.1951,1.8389,5.2297,4.9939,1.8071,10.9137,2.2465,-4.1334,7.9771,-3.6878,9.6089,0.9724,-2.2302,20.1377,8.8381,-2.8716,-1.8531,-0.3433,4.3978,20.8905,0.1471,6.7491,15.1475,1.126,0.4325,7.3935,-1.7158,2.3829,4.2537,4.5602,-2.333,5.7829,3.8531,,,,,,
201011,3.8908,-2.5596,-16.1855,6.8833,-7.0449,-5,-2.0151,-3.165,4.2992,21.4158,1.0492,2.8875,-2.98,-1.0188,6.3229,4.0439,-0.8555,-0.8240001,-6.0185,9.9657,7.0941,2.5656,-4.7263,3.3181,-2.6406,-2.266,5.6012,1.9844,-7.9476,-1.6486,-5.6021,2.8653,-8.4105,0.3384,3.1469,14.4703,18.7946,14.0067,-6.9603,-4.6731,3.7585,-3.9374,8.5358,-1.0891,-1.026,-2.451,0.9381,5.5417,-3.6642,0.2438,0.5107,,,,,,
201012,9.0835,5.7215,5.5845,19.5124,11.4954,10.6716,2.1159,21.6849,15.0244,11.7099,-2.0567,12.1613,7.3687,9.3692,7.7149,10.4117,4.5429,13.2344,30.5419,5.4459,2.0564,8.2209,2.9854,12.4031,5.8178,5.7658,9.573,16.0318,15.733,11.2428,6.823,5.2925,3.6216,2.7626,8.4746,17.0805,12.8751,9.9037,4.3561,4.9022,5.2689,12.9011,11.478,8.8478,1.8258,16.4573,3.8133,9.1081,5.5128,2.508,6.715,,,,,,
201101,-6.3461,-4.8673,4.5477,-9.0266,5.0412,2.8263,-1.5105,-3.7487,0.2336,4.0351,-4.159,-1.2798,6.8489,8.7665,-0.2478,-11.0664,0.3577,3.9411,0,5.066,-9.8074,8.352901,2.0741,-10.5419,7.4542,2.0893,-1.4875,-9.5644,2.492,8.2323,3.282,8.0688,2.8251,1.8772,3.5,-11.054,0.435,9.8885,14.1321,-4.2078,0.4974,8.688499,12.9665,3.4501,-1.5613,3.8835,2.9911,-9.4753,-3.7874,3.2622,1.9157,,,,,,
201102,-3.0874,3.125,-12.2459,-2.6207,1.8761,8.932899,6.0952,-3.0058,-4.0254,1.9393,7.6347,-3.3333,0.9549,1.1376,17.2795,11.3198,0.2138,21.5875,-3.4091,10.9381,-0.514,0.3132,1.7726,5.3965,3.0005,-0.5293,3.9983,1.8325,2.7162,0.9524,-3.9883,14.3207,5.1126,5.5278,-3.5024,10.6936,10.4427,7.6725,3.3647,9.6102,6.2777,4.8982,3.1007,-2.5319,-1.3839,9.9861,1.9107,6.8982,-0.0474,4.2376,3.8165,,,,,,
201103,0.8985,7.8577,-7.2737,4.9103,5.8244,-4.769,-3.9659,3.4667,6.7991,-6.5343,2.0862,3.8112,0.5779999,-1.2572,2.0655,-0.1496,7.6725,4.657,-5.4902,-3.4331,10.3339,-0.7565,5.1827,3.4483,-0.4811,-1.2452,7.3481,-5.347,1.6185,-7.9515,2.1277,6.1028,-4.247,1.377,-2.1902,16.906,10.6318,-0.2388,6.0156,1.7498,2.2794,1.0154,0.5359,-0.4837,2.3179,-5.2963,-2.0617,0.9115,0.949,1.6451,0.3366,,,,,,
201104,-1.8532,3.0709,2.1574,-0.504,-0.7317,-2.6995,0.9456,0.9606,4.5332,-4.5133,4.8852,5.9004,-4.2712,9.426,0.6642,5.5298,2.5514,0.1194,4.1667,-7.6707,3.5663,6.2242,3.2067,-4.0404,5.7704,2.2551,7.8203,3.2952,7.7395,-4.0996,5.2597,3.6327,12.0248,3.9679,3.9027,5.8626,-9.0587,-3.2547,-3.8308,5.8211,-1.3712,-5.1567,-0.8391,7.9928,6.9554,4.1278,4.0048,1.6951,0.7286,2.8902,2.8688,,,,,,
201105,5.9098,1.4139,-4.1096,-5.2345,-3.1122,-0.3116,6.06,-2.1815,-1.1881,-8.387401,3.132,6.8194,1.9226,1.2515,5.6804,-10.7318,5.7971,11.9284,-4.8,-9.597899,10.8522,3.9597,2.1571,-9.6842,0.878,0.4861,-8.1043,-4.7983,-4.8387,-7.6099,-0.3163,-3.6027,4.0473,-2.3454,-2.6478,-7.2257,-8.0987,-5.3592,-6.8805,4.6046,-3.4146,2.2574,-7.6154,9.101501,3.237,-6.0199,-9.6676,-5.6256,-3.3831,-0.2388,-1.4935,,,,,,
201106,-4.7117,-0.4753,-7.0833,2.44,-6.6357,-5.148,-5.6777,-2.9594,-8.757501,-5.1593,-0.1446,-2.869,1.0375,0.1621,2.6144,-4.6886,0.5479,2.5577,-12.1849,5.5183,4.5184,0.4734,-1.9614,12.704,-2.8562,2.3656,-2.3634,-3.9878,-3.8282,-4.7599,-1.4911,0.303,0.6285,0.498,-12.7135,-2.8425,-6.6447,7.9085,-0.6111,0.8064,5.6061,-2.477,-6.0545,-1.6196,-0.2461,-2.9302,3.1164,-6.6425,-1.4972,-0.1986,-1.8395,,,,,,
201107,-8.211699,-5.476,2.6906,0.586,-6.6424,-5.2137,0.3822,-14.8672,-17.5952,16.9067,-3.9283,-2.9404,-8.561501,-9.892799,-0.2662,-2.1931,-1.4532,-4.032,-12.0192,11.2348,-0.5854,-3.6548,-0.3599,-10.8583,4.9294,2.8711,-13.3532,-7.3474,-6.8976,-3.0856,-5.8995,-2.6183,-2.3303,-8.1286,15.0725,-11.5857,1.8173,3.0175,-5.8123,-2.5465,-11.3058,-8.7162,-0.1396,-6.6781,-9.0728,-6.8094,-12.7289,-5.4395,6.398601,-3.3267,-2.2469,,,,,,
201108,-2.5869,-2.6658,-1.8785,-11.0461,1.4133,-16.9409,2.5319,-8.724501,-10.449,-21.8522,2.9345,-1.2105,-5.9583,-6.1188,-6.9107,-16.1398,-1.7512,-7.9681,-20.765,-7.1148,7.8514,-2.8793,1.4446,-2.5522,3.4272,-0.9644,-9.4344,-20.1061,-8.208,-21.3483,4.5815,-9.9276,0.6764,-4.1428,-22.1662,-12.9715,-28.6564,-17.9347,1.0235,-3.7648,-13.7212,-5.1391,-13.8119,-8.5871,1.4132,-21.6981,-4.4714,-5.8053,0.0691,2.8676,-5.7472,,,,,,
201109,-6.3762,0.1405,-1.0849,-35.364,-9.1302,-15.2459,-0.1114,-20.386,-15.8162,-28.7215,-9.1595,-6.4606,-11.2204,-1.9962,-10.0553,-17.5812,-12.0075,-18.4967,-25.5172,-20.0539,5.1939,-0.9529,-1.8839,-16.6667,-9.2379,-1.1827,-16.5947,-9.8476,2.3869,-22.8,-6.8511,-21.6992,0.6967,-13.4852,-26.2945,-26.4639,-25.2259,-22.3684,-4.559,0.8396,-16.7817,-20.7809,-18.0156,-7.8099,-3.9267,-24.6747,-11.2567,-10.744,-6.3551,-3.0259,-8.4873,,,,,,
201110,6.4614,4.2777,19.9355,33.0378,15.6383,29.4004,2.4164,1.8032,10.8224,26.9451,9.040299,8.5368,13.6579,12.3926,12.0788,25.385,6.2189,27.9476,40.1869,18.2956,6.414701,5.7068,6.3035,19.1429,15.8958,4.1774,28.3364,11.232,14.231,30.94,1.4255,13.9296,2.1122,10.071,19.0999,45.8118,2.0446,39.262,3.0457,-2.0663,24.8768,30.0407,17.1537,-0.7306,1.6963,22.2009,16.4851,14.1569,1.6966,2.734,11.3982,,,,,,
201111,6.4095,-1.1259,0.5936,-1.6393,-5.1518,1.5072,7.078,-2.4601,6.3925,-2.1935,4.6108,6.9015,2.9132,5.2909,20.904,1.49,3.5129,-0.6826,-0.6667,9.8698,1.9135,-4.0886,1.0363,1.9185,2.2084,1.0025,0.2137,-1.2916,-4.3332,-16.1565,-3.5488,-10.296,-0.4161,3.2523,-15.3917,-16.3121,3.0055,0.6869,-0.9851999,-6.0386,-4.4033,3.1167,0.7852,-6.0076,2.4861,5.9318,9.414001,8.992701,2.3211,0.1157,-0.6226,,,,,,
201112,1.0794,4.3478,-3.0043,-7.096,-3.5888,-0.7901,2.3051,-3.2817,-7.6389,-3.4301,5.2998,4.9948,0.5298,-2.6063,-4.7974,-0.3219,14.5066,6.071,-4.698,-8.8905,1.988,-3.8507,4.5347,-5.7647,2.6611,-2.1214,-7.8553,2.6963,-18.1818,2.2989,1.1658,-3.4433,4.8017,0.8514,-13.2898,-9.1525,1.7683,-5.1743,-2.301,-3.5714,-0.1271,3.3165,-5.026,-4.8254,3.6719,-3.7661,-10.8325,-3.6417,5.8601,5.013,0.3702,,,,,,
201201,-0.457,-1.2897,8.9878,26.2843,2.5291,12.3444,5.8324,14.4784,14.6702,14.3443,7.8038,2.7771,4.8487,9.6125,3.1517,6.925,6.5498,5.4552,23.4043,8.1521,2.0335,5.9591,-2.2773,5.7428,3.2723,-8.2776,26.1431,7.2481,10.2144,23.5955,6.2795,22.1397,0.1938,6.0932,2.8894,33.8619,5.6473,8.8101,-1.8001,12.1261,1.6315,3.8166,2.9194,17.634,-1.0249,11.3285,10.2812,9.4152,8.2143,-3.6596,5.4077,,,,,,
201202,8.6957,4.0122,1.1962,-7.8987,2.6147,10.2902,-1.4643,40.0405,14.1385,-4.54,4.595,8.0239,5.8849,1.7076,1.053,7.7433,3.9633,5.173,21.8391,4.718,4.375,-3.4395,1.4659,12.3967,-3.4495,-0.4651,7.7821,7.3003,3.7044,-0.5898,1.8784,8.3942,1.9679,1.7068,17.6435,-10.1045,7.4013,11.5572,0.8838,4.7765,2.707,9.432899,14.8879,7.0321,-3.3729,15.3203,-1.304,4.557,6.8688,4.1547,4.1186,,,,,,
201203,-2.1739,2.0922,6.3883,-10.6203,4.8077,7.6706,0.7031,1.707,4.0873,-5.5695,7.4577,-0.6652,0.2048,8.4137,5.808,-11.9956,1.4523,11.9218,-2.8302,-5.1696,6.7563,4.272,3.0144,3.6765,3.8786,0.7314,-3.1679,9.3297,-0.3247,5.9331,3.1847,-2.5814,6.5186,1.8379,13.6482,9.6899,-1.9142,-3.5623,2.6931,3.4148,0.0919,0.7422,-2.7145,-0.1943,5.4179,6.1192,3.717,-0.2795,2.9531,3.3983,2.3994,,,,,,
201204,-0.2329,6.7883,-4.3262,1.505,-0.8299,-6.8616,4.3954,-16.7057,2.8295,-5.4341,2.578,-0.0391,-7.3181,0.356,5.5053,-2.3103,0.1278,-0.4962,2.439,-2.9907,7.588099,-1.9485,2.4532,-7.1935,3.6839,-0.5101,11.3717,-1.0507,1.0288,-11.7617,-10.4385,14.5737,0.5973,0.1681,-2.9224,-6.9965,-11.7877,-4.6684,-0.1276,-7.3101,-1.5702,-4.9376,-1.7857,-1.2948,-0.5275,-5.7284,0.6899,-3.2115,6.1305,-0.9429001,-0.6801,,,,,,
201205,1.7116,3.8286,-18.9779,-16.3446,-5.0674,-11.7452,-1.0674,-2.5617,-2.8457,-15.8374,-3.2586,0.7172,-5.1704,-5.2913,-17.1385,-14.6898,-5.7952,-3.7254,-9.0476,-10.8488,1.4952,-2.1055,0.7982,-1.8559,-6.8337,-4.2316,-15.1831,-4.9969,-9.966001,-22.6852,-3.6902,-6.8879,-5.9375,-4.8791,-20.1317,12.8419,-10.177,-11.8928,-8.4345,-8.6447,-5.7241,-9.4451,-14.7888,-9.290199,3.6174,-16.5523,-10.2208,-18.1105,-3.5506,-1.1341,-6.5531,,,,,,
201206,2.537,4.3606,5.1439,6.3358,3.5749,3.908,8.0919,-1.1635,2.4933,5.1624,-8.4423,3.9831,3.0464,-0.5831,-0.0554,7.8722,4.6341,1.7367,4.1885,-6.5222,4.2838,2.0723,5.4329,6.8966,9.020801,1.7307,-4.0042,1.4464,12.2025,9.2066,1.214,8.639299,2.5706,6.1486,-5.3004,2.3569,9.7537,-3.2809,12.5262,5.6598,-7.4652,-2.234,-2.2345,3.0903,4.1415,5.8055,-0.4062,16.8223,7.4359,7.7756,3.8156,,,,,,
201207,5.1912,7.5715,-6.6395,-0.2568,-1.8536,-2.0797,3.433,10.4644,0.5453,-4.5922,1.0944,-2.8194,-3.0473,4.4276,-3.2151,6.7011,2.6418,1.2316,-4.0404,17.7008,-6.431201,2.5952,3.4384,-3.3299,3.1438,3.9872,-20.9434,-1.6281,1.8855,-6.0315,9.3349,-0.994,-11.3428,1.8192,-5.0995,-5.4605,5.0269,12.1974,8.3594,10.0847,-11.0429,3.931,1.9486,7.2433,2.9295,-7.9561,2.5547,-4.6689,5.4893,2.757,1.0266,,,,,,
201208,1.7333,-3.3755,19.6238,7.2468,11.9613,7.7836,-2.6414,12.4334,10.257,-2.4066,-1.7273,0.663,3.2629,2.621,14.4521,-3.7598,1.9934,8.308599,9.473701,8.8323,-4.3107,-8.2154,-4.8395,11.6254,-2.2759,-5.432,11.5746,1.6551,4.8013,9.8097,-4.4245,10.3414,5.0079,2.1484,12.3198,14.2658,-4.7863,8.990299,4.1895,0.2906,10.3854,-1.6594,-2.182,3.0178,-0.4125,15.8105,7.0128,2.1826,2.5533,-4.6816,2.6265,,,,,,
201209,-2.6857,2.893,0.0786,9.6095,4.4118,5.5321,1.733,9.8728,-3.8067,7.8231,4.1117,6.3008,0.9312,-0.2128,2.7023,4.5977,2.4988,0.1096,14.4231,2.4858,0.2491,-0.866,3.6986,2.7001,-3.6342,-2.4404,-7.470099,1.5956,-0.6003,11.6,0.3436,3.2757,6.3276,-0.1944,2.6838,-6.3337,9.694799,1.8147,4.4925,3.4765,1.3598,16.6616,4.9628,2.8073,-1.5498,4.1774,-4.8304,8.497,1.0085,1.4866,2.6539,,,,,,
201210,-5,-7.0822,-9.4789,-0.979,2.9546,-2.6811,5.463,17.8145,4.9308,-10.8833,6.1878,-3.8362,3.7356,-3.3936,0.0812,11.7527,0.9172,-10.7908,3.3755,-9.684299,-17.4363,5.5427,3.6036,-0.3756,-0.388,0.5621,6.2702,-3.9936,-1.0172,4.1219,3.0534,3.8766,-1.8126,-5.2153,-5,7.4772,-12.3568,-8.0015,2.9703,3.9157,-6.0219,-9.114699,-3.7851,3.7906,-2.1619,2.8111,0.3315,-0.6758,4.1342,2.7988,-1.4101,,,,,,
201211,1.1985,-1.3299,11.1111,0.3344,-1.6572,3.4642,-0.4782,4.7707,3.721,-7.8761,-4.3218,0.2371,-2.3208,5.5824,-4.3005,-0.7458,0.6458,10.8033,-3.2653,6.5363,4.6903,-1.6533,-2.4477,-4.0528,1.4499,-14.0721,14.6619,-0.738,3.5232,-2.9344,0.4233,1.6115,3.2028,4.4977,0.7177,14.5796,-1.6807,-7.327,1.2214,5.8119,6.9515,3.7662,-11.2352,4.078,1.4009,-0.3631,4.5633,9.8287,1.1536,-0.5522,0.6193,,,,,,
201212,2.5875,-1.2306,3.9101,-12.3302,3.4525,4.4018,3.4432,-0.0884,-1.353,7.4928,-1.0137,3.9561,4.9323,3.1019,2.7639,4.9524,-1.3031,5.8333,3.7975,4.6525,-2.827,2.4845,0.1486,6.1886,3.8538,-1.5884,6.1709,3.0416,4.1181,13.3373,3.8462,0.3381,-1.0997,2.0891,6.2945,4.6462,4.6534,0.2635,1.3071,1.2676,12.0552,3.5461,1.1032,0.598,-1.7697,4.8583,5.435,4.7556,6.872,0.8776,1.2531,,,,,,
201301,3.3998,4.5387,4.6851,3.9839,10.6145,4.4461,-1.4495,13.3956,7.1518,19.303,-1.6943,6.3599,-4.2876,3.8632,1.7875,-0.0504,3.3252,9.7946,5.3061,12.1325,-1.4053,6.3866,5.4288,1.6651,6.1879,5.7162,12.0845,13.2498,6.5726,19.5084,8.7283,11.1435,14.4773,8.293,18.4358,8.6277,10.4356,8.4711,10.8327,1.7702,1.3694,3.8664,9.8962,13.1076,6.459199,12.3552,8.1005,4.72,-2.2727,4.2221,5.4093,,,,,,
201302,-14.2893,3.2193,1.3855,-9.4468,3.3189,-1.055,1.9041,-1.6727,2.4518,-11.0112,0.8315,-0.1563,2.5189,5.8882,5.4981,2.81,3.8807,3.9329,-1.5504,0.6476,12.9907,5.4782,5.5126,-1.6378,-1.767,0.2385,1.7534,0.0582,-3.5764,-1.0941,-1.4111,4.7156,3.2949,4.0627,1.0377,8.5462,4.5193,-8.1063,1.4289,-0.3538,1.2223,2.4339,-5.1233,2.3011,4.7461,1.9324,-0.2445,-1.2154,-1.021,2.8173,0.8331,,,,,,
201303,2.8843,2.1721,0.1918,3.6967,6.2849,8.1,-0.8763,4.8783,4.8813,2.1886,9.8656,7.5704,3.7369,-0.0312,-0.1092,4.6813,0.5239,7.1758,9.4488,2.3227,7.1816,-9.3378,3.2335,11.2858,1.5607,11.2617,4.1605,5.0611,-5.5783,-2.5277,5.7093,4.3245,2.9607,2.2212,0,19.0843,-13.6006,4.0364,4.908,8.1213,12.0432,3.507,4.3494,3.8482,4.4081,10.3927,-1.4638,5.0345,-0.2292,4.6977,3.5274,,,,,,
201304,6.945601,3.3252,0.9332,-7.1224,2.7723,9.5995,9.5294,-3.5286,-2.1996,5.3542,-4.8443,6.2102,5.6871,0.875,8.308599,-2.5734,1.6769,-1.1656,-2.8881,-5.5982,-1.7964,6.247,6.6433,15.4614,8.3246,8.7877,-7.0873,0.8345001,1.3919,1.0009,3.2727,3.6656,1.72,-1.505,-3.9216,3.6292,-2.8207,-7.8163,3.249,-3.8133,-0.1711,-7.6078,-2.4105,5.4778,4.2473,4.6611,-0.6444,-1.0096,10.5686,4.3028,1.4945,,,,,,
201305,-7.6657,-6.5937,15.2725,2.0375,0.9313,7.0101,-7.3223,12.3425,6.9331,5.473,-0.5432,-1.0313,4.2455,5.2615,-2.0043,2.4843,1.7495,7.993,1.8587,-1.1048,1.0093,6.1963,-8.6032,-1.7279,-8,-15.6225,8.4078,8.9379,3.0506,16.93,0.0587,-11.8969,-12.3382,5.9163,12.9252,14.9792,-10.5805,7.789,-4.0549,0.6584,6.7124,5.8949,3.251,9.4447,-2.0614,4.8515,4.2515,8.3573,-7.4675,-7.2634,1.9066,,,,,,
201306,3.5139,1.1718,0.9123001,-7.8583,-3.0862,-5.7499,-5.6526,-10.4884,-3.1288,1.5567,2.3469,-0.6947,1.5953,-2.5436,-2.9655,-3.8377,-0.2519,-1.0516,6.9343,0.4764,5.8285,1.1552,1.5838,14.1392,1.8314,-1.4678,-0.8457,1.2915,-9.088201,-5.6757,0.2199,-4.9512,-15.3282,-0.8343,8.9501,-13.2992,-14.3455,-1.6216,-10.3016,-0.8105,-3.6938,-1.8051,-8.3553,-3.9864,1.9655,2.2715,-5.0818,-9.7313,1.6,0.8399,-1.5039,,,,,,
201307,1.4144,0.904,5.8558,3.5585,3.3971,1.2264,-3.2527,17.1214,9.960401,1.8978,5.6461,7.9311,9.6642,6.1305,-0.1824,11.217,4.3259,9.3014,14.0411,-3.0412,5.5271,6.1229,5.5066,6.611,3.8414,-0.9391,3.8024,6.8039,5.731,11.5841,-0.0884,8.2873,8.1671,7.3891,17.6935,10.0522,5.7457,1.8432,8.877299,5.4425,12.3498,9.4696,6.0331,7.6569,2.1396,14.5873,12.5229,1.1989,-2.9562,5.6878,5.2681,,,,,,
201308,-7.6151,-4.0828,-8.9097,6.86,-5.7097,-4.986,-1.8364,-3.4829,-3.1286,6.8052,-3.977,-5.5944,-2.449,-5.0847,-0.1676,0.0185,0.5262,-4.105,-4.2042,-4.2327,-1.7707,0.3793,-5.4172,-8.4287,-4.1138,0.6865,-3.646,-3.9962,-1.5147,-5.3289,-4.1286,-9.0379,-2.9522,-2.7378,-5.7718,-15.3919,-13.2948,5.8857,-12.4233,-4.7645,0.7958,0.7563,3.7811,-2.5025,-4.5607,0.8879001,-0.9614,-3.1626,-1.1815,-7.746,-2.5714,,,,,,
201309,-3.6232,-0.0296,0.5191,9.463901,4.7361,5.0725,7.0802,13.8282,10.1623,2.8169,1.9566,-2.2394,5.1291,5.8717,6.9461,3.499,7.2027,8.3855,3.7618,2.7822,8.462999,4.3208,-0.3514,20.6443,5.9802,-2.7878,7.7417,-3.3301,4.1117,4.6196,3.4143,10.1763,2.3422,5.1329,17.5214,7.6952,-0.9333,5.4778,3.7085,-4.8591,2.8621,6.8144,1.5589,3.9063,0.4233,-0.1189,7.1724,2.2072,5.2002,1.5804,3.7477,,,,,,
201310,7.9031,8.3678,-2.9918,12.0692,-0.8112,5.7994,7.0417,-0.2936,4.3117,7.2407,-4.7626,10.1057,-0.3771,4.9457,1.5164,0,5.0195,6.8317,-1.5152,-6.0134,2.1694,12.4832,4.7893,8.0109,3.9988,-3.7112,-12.5662,10.1501,1.3567,6.7903,0.3297,1.9636,0.1769,5.3932,2.4848,8.6715,-4.8452,3.9304,2.8982,0.274,11.2048,-12.6753,9.4529,6.1096,5.7736,8.4306,3.5085,-0.0815,4.0942,3.9758,3.9852,,,,,,
201311,-7.7377,-2.7348,-5.8067,-5.6311,4.6451,3.9259,-1.9912,5.051,5.7604,-4.7445,14.8773,7.549,5.8063,4.3502,5.9188,8.1606,4.6494,-0.3722,7.3846,0.9661,-4.7089,10.1261,-3.4712,2.2704,-8.5464,-4.6251,-1.5527,4.7344,5.3433,8.9454,4.3024,9.1298,7.1626,6.5912,5.9728,17.6508,15.2758,0.3942,-2.4002,3.9168,9.4474,2.9081,-4.1126,3.1397,0.44,13.0368,0.6719,-1.152,-2.3546,-4.2201,2.4947,,,,,,
201312,3.7459,-0.142,5.5529,8.7922,-0.0313,4.4476,3.0089,2.684,8.5736,-1.0856,-2.6648,6.8847,4.2439,7.6036,0.4803,-0.077,7.3694,8.2697,3.4384,7.4743,1.3836,3.8893,0.457,7.1534,-0.5108,1.7837,6.3949,5.204,8.416,0.1917,-4.1535,2.2222,14.4565,5.0483,9.5982,9.6582,12.3926,-2.0982,5.6211,2.3229,1.9996,-0.2457,2.4249,10.5602,-1.1277,0.565,4.7619,3.5004,-1.0777,4.0835,2.6126,,,,,,
201401,-9.3878,-3.9249,-1.5604,-13.2949,-9.736199,-8.6539,1.328,-15.0198,-4.5617,-12.5888,-10.6996,-4.9951,6.6143,-0.9503,-8.7361,-12.7466,-4.2289,-7.8096,-6.9444,0.7391,-10.4573,1.8111,2.7564,-15.2394,4.697,5.8781,2.288,-3.6601,-3.241,-5.7398,-3.5241,-0.1918,3.1689,-8.5989,1.9348,-6.7046,-8.952,-5.6834,-4.1687,-1.7973,-10.0975,-4.0773,-4.2832,3.4037,-3.1107,-6.6447,-6.0416,9.0754,-3.3637,3.3263,-2.9959,,,,,,
201402,8.316,-4.1717,-0.5021,0.6479,5.7759,3.8346,0.7295,8.9685,3.9973,23.1167,10.3202,8.0035,8.1236,4.1739,0.4364,5.4275,6.2905,14.1981,3.8806,6.8201,8.412499,5.1603,5.1891,6.5725,7.2403,5.931,7.5981,5.1965,5.9892,4.3714,6.4939,-0.3203,10.8639,5.7688,12.2378,24.6089,-0.1199,2.7063,-0.9,1.757,7.1119,7.2868,8.7808,8.164,-0.3609,4.3723,-0.3791,12.2649,6.9617,2.3801,4.6172,,,,,,
201403,6.7818,9.834,2.8211,1.3795,3.3224,7.8717,0.491,3.3396,-5.9699,4.1392,1.7684,2.3517,-0.566,0.5216,-2.8472,5.8784,-1.731,-7.4478,-2.2988,-3.5748,-4.7289,-1.744,4.4384,-9.684,0.5266,10.3584,-2.6176,7.9078,4.6024,1.2013,0.9088,1.5103,-2.2835,0.6903,2.4477,3.6391,-6.1224,1.4149,-1.5136,6.5755,-3.7652,-1.5655,4.2378,-3.3323,4.9925,1.0772,2.3598,5.2222,-2.332,2.3622,0.4469,,,,,,
201404,6.3033,3.1081,3.9482,4.876,0.32,-4.8378,2.4062,2.6228,4.4724,20.9677,2.6131,-2.4913,1.0558,-3.1132,8.5078,0.9068,-1.1407,-6.2692,-5.3097,5.1643,-0.2108,-0.6716,5.1824,-3.3296,4.1664,4.3802,7.3154,-6.872601,0.22,-0.4491,2.7225,-5.0966,33.6342,2.5284,-2.4761,7.9877,-7.5448,0.8476,-1.1889,-1.0737,-4.6069,5.7238,4.5869,-5.1896,2.8623,-3.9471,2.0659,-3.1321,-1.4231,3.8681,0.166,,,,,,
201405,7.906,-0.6443,6.534,-0.931,3.5407,4.9418,7.3156,-5.9199,0.0334,3.2857,0.4156,7.7008,7.9214,6.6993,5.8564,-2.282,5.4132,2.5858,2.6257,-1.5548,1.8437,1.6113,-2.5851,13.9521,-1.7834,6.0234,2.2036,-0.5597,2.7886,-0.2263,0.8834,-1.5344,1.007,3.1023,-9.264999,8.823,0.4149,4.2532,5.0484,2.2256,7.133399,1.7581,5.5714,2.5526,2.8408,-1.1338,-1.496,-0.9089,5.4998,-3.1052,2.0218,,,,,,
201406,-2.4688,-0.3101,0.9342,7.1953,1.3247,2.861,0.7698,-3.0164,4.9147,6.0396,5.0317,-3.7666,-1.3292,4.4913,-3.0801,7.7996,2.2859,4.5539,6.0278,5.8796,2.6966,-2.4458,3.1595,8.4016,0.2146,-0.9503,5.6369,4.9823,-3.5459,4.7635,7.9943,3.5908,1.051,0.484,4.3692,4.2984,11.4325,13.248,3.9592,-2.1368,3.7014,1.0526,7.7673,1.0606,1.885,7.256,-0.5545,7.5326,-2.7629,4.1189,2.7941,,,,,,
201407,8.397799,1.9514,2.2938,2.8288,-1.4971,-0.3179,4.9011,2.4565,-5.951,-2.7391,-14.0763,1.6784,0.7207,-4.9781,-1.0773,-6.5433,-1.4794,-8.132,-3.4044,4.726,0.0184,4.507,-5.201,2.4575,0.1517,-14.8026,-7.3258,0.1994,-0.0493,0.3402,-0.1053,-0.8502,-1.9856,-1.6406,-1.1289,-5.8636,-9.7651,-1.5908,-0.2416,3.3057,-5.3875,-0.4213,-4.9118,2.9661,-1.388,2.1579,-4.0838,-5.922,-0.1077,-7.1293,-2.0524,,,,,,
201408,5.8359,-1.7702,-0.9512,-2.2837,6.0174,9.1948,4.4602,7.8029,2.3984,5.9008,4.366,4.0466,5.5494,3.4067,4.8598,1.1106,5.655,4.4698,2.5478,4.823,-1.5513,2.8611,6.0011,-12.5461,2.0803,8.5264,2.7991,0.1592,2.8225,6.0915,3.691,2.1768,-1.2842,2.8143,5.8991,20.1459,-1.3699,6.651,3.3414,0.3883,3.3235,4.6312,-0.106,-1.0617,4.983,5.0582,1.2569,5.7394,7.1852,4.533,4.0171,,,,,,
201409,-0.244,0.8009,1.4806,-10.2282,-2.4868,-3.3301,-4.6755,-4.8164,-5.9635,-12.1992,-0.6213,0.1762,3.1156,-0.1121,-2.7463,-8.9003,6.7281,-9.7819,-1.8219,-10.6956,4.5594,2.1201,-1.8914,-13.9768,-4.5325,2.0048,-6.4032,-0.5562,-7.8257,0.7578,-0.0763,-8.586201,8.8649,-1.6111,1.4825,-18.6935,-20.5556,-11.4196,-4.9672,-3.5876,-9.4038,-2.3934,-9.2814,1.3643,1.3569,-2.6526,-2.2493,-1.5425,1.723,-2.6095,-2.5129,,,,,,
201410,1.4429,0.1703,-2.7811,-11.7534,2.1405,2.5076,4.1333,18.1257,11.1072,-21.0577,0.3612,8.1606,10.4572,-3.2757,0.6156,-6.1852,3.7541,1.2495,7.2758,-10.2892,8.0257,4.7517,7.9916,17.7192,11.1553,7.3335,1.4154,-4.2519,2.325,1.3885,-1.5889,4.7316,6.6614,8.533299,-1.2838,1.5668,-32.8671,-4.5466,9.4007,-2.2711,7.3864,5.4623,-11.9977,-3.3936,3.3086,2.5009,2.365,-9.3222,-2.9927,11.3995,2.1178,,,,,,
201411,-0.4098,1.5499,12.9546,-5.7895,4.8406,0.3459,7.7026,8.6428,0.7027,-20.2192,7.5456,6.4678,4.0069,-0.0699,-1.0641,-8.6533,2.1983,1.363,1.8927,-13.8875,12.8612,4.7273,-0.852,1.9792,1.7848,-0.3006,0.1163,-2.367,8.6044,0.6581,3.151,1.0789,12.5645,4.6661,2.287,7.8924,-7.5521,-7.7092,-5.5467,4.0776,5.8201,0.8543,-1.7167,9.9685,4.0865,3.4149,0.2498,3.0106,6.362,2.614,2.1149,,,,,,
201412,-2.9188,-5.0594,0.6331,-12.9981,-2.7872,-2.0813,-5.5042,4.0662,0.9198,-12.5954,-5.6958,5.4181,-5.3247,2.2378,2.7785,4.3371,7.231699,2.435,5.2245,-2.5936,2.9549,-1.3597,6.8745,14.1471,-0.7355,2.5159,-0.2571,0.9225,6.0363,10.2899,2.3226,-2.535,-0.6078,2.6423,6.3349,10.2743,-18.0282,-1.5662,1.6727,1.1096,-2.8,2.2872,4.2055,-2.9778,-4.8801,1.8365,-3.1686,-8.0973,-4.2965,6.4623,-0.3616,,,,,,
