Date,RF,MKT,SMB,HML
7/31/1926,0.22,3.18,-2.3,-2.87
8/31/1926,0.25,2.89,-1.4,4.19
9/30/1926,0.23,0.59,-1.32,0.01
10/31/1926,0.32,-2.92,0.04,0.51
11/30/1926,0.31,2.84,-0.2,-0.35
12/31/1926,0.28,2.9,-0.04,-0.02
1/31/1927,0.25,0.19,-0.56,4.83
2/28/1927,0.26,4.44,-0.1,3.17
3/31/1927,0.3,0.43,-1.6,-2.67
4/30/1927,0.25,0.71,0.43,0.6
5/31/1927,0.3,5.74,1.41,4.93
6/30/1927,0.26,-2.08,0.47,-1.53
7/31/1927,0.3,7.56,-3.23,-1.16
8/31/1927,0.28,2.25,-0.72,-3.69
9/30/1927,0.21,4.97,-3.57,-0.71
10/31/1927,0.25,-4.06,2.13,-4.33
11/30/1927,0.21,6.79,2.76,-0.31
12/31/1927,0.22,2.31,0.93,-1.06
1/31/1928,0.25,-0.43,4.25,-0.72
2/29/1928,0.33,-1.37,-2.03,-0.69
3/31/1928,0.29,9.1,-0.26,-1.2
4/30/1928,0.22,4.45,3.82,3.67
5/31/1928,0.32,1.84,2.98,-3.46
6/30/1928,0.31,-4.54,-3.5,-0.06
7/31/1928,0.32,0.94,-1.35,-0.47
8/31/1928,0.32,7,-2.07,-2.11
9/30/1928,0.27,3.15,2.18,0.76
10/31/1928,0.41,1.74,2.27,-2.26
11/30/1928,0.38,12.19,-1.81,2.8
12/31/1928,0.06,0.42,-0.85,-0.6
1/31/1929,0.34,5,-3.55,-1.21
2/28/1929,0.36,0.02,-0.39,1.68
3/31/1929,0.34,-0.55,-4.78,1.56
4/30/1929,0.36,1.79,-0.99,0.61
5/31/1929,0.44,-5.95,-5.46,-1.57
6/30/1929,0.52,10.22,-2.17,-2.76
7/31/1929,0.33,4.79,-3.87,2.67
8/31/1929,0.4,8.58,-9.51,0.07
9/30/1929,0.35,-5.12,1.17,-0.63
10/31/1929,0.46,-19.66,-4.08,7.85
11/30/1929,0.37,-12.37,-1.91,5.33
12/31/1929,0.37,1.7,-4.2,-0.59
1/31/1930,0.14,5.75,3.58,-1.01
2/28/1930,0.3,2.8,0.12,0.39
3/31/1930,0.35,7.45,3.44,0.15
4/30/1930,0.21,-1.85,-0.17,-0.84
5/31/1930,0.26,-1.4,-2.04,-0.63
6/30/1930,0.27,-16,-3.22,2
7/31/1930,0.2,4.32,-0.37,-1.56
8/31/1930,0.09,0.39,-2.22,-0.78
9/30/1930,0.22,-12.53,-2.22,-5.27
10/31/1930,0.09,-8.69,-0.1,-1.35
11/30/1930,0.13,-2.91,2.21,-3.53
12/31/1930,0.14,-7.69,-4.68,-5.39
1/31/1931,0.15,6.39,3.81,7.21
2/28/1931,0.04,10.92,3.39,1.6
3/31/1931,0.13,-6.3,3.07,-3.65
4/30/1931,0.08,-9.9,-4.61,-3.92
5/31/1931,0.09,-13.15,5.16,-6.57
6/30/1931,0.08,13.98,-5.38,11.3
7/31/1931,0.06,-6.56,1.43,-2.1
8/31/1931,0.03,0.44,-1.97,-1.49
9/30/1931,0.03,-29.1,0.56,-6.75
10/31/1931,0.1,8.14,-1.87,1.7
11/30/1931,0.17,-8.91,4.3,-5.05
12/31/1931,0.12,-13.41,-0.56,-8.86
1/31/1932,0.23,-1.35,3.94,9.04
2/29/1932,0.23,5.69,-2.77,-1.45
3/31/1932,0.16,-11.05,2.27,-2.32
4/30/1932,0.11,-17.85,1.44,1.42
5/31/1932,0.06,-20.45,3.72,-3.28
6/30/1932,0.02,-0.68,0.35,5.32
7/31/1932,0.03,33.87,-4.44,35.46
8/31/1932,0.03,37.09,14.29,33.03
9/30/1932,0.03,-2.91,-2.43,-6.82
10/31/1932,0.02,-13.15,-2.76,-10.04
11/30/1932,0.02,-5.86,2.08,-13.28
12/31/1932,0.01,4.41,-8.27,-8.16
1/31/1933,0.01,1.26,0.63,6.14
2/28/1933,-0.03,-15.27,-2.75,-2.73
3/31/1933,0.04,3.33,3.9,7.38
4/30/1933,0.1,38.95,4.56,17.43
5/31/1933,0.04,21.47,36.7,19.03
6/30/1933,0.02,13.13,8.67,-1.88
7/31/1933,0.02,-9.61,-1.01,3.27
8/31/1933,0.03,12.08,-5.45,2.96
9/30/1933,0.02,-10.63,-0.32,-11.77
10/31/1933,0.01,-8.35,-0.08,-8.46
11/30/1933,0.02,9.99,-6.48,2.33
12/31/1933,0.02,1.85,0.66,-1.53
1/31/1934,0.05,12.65,12.53,15.54
2/28/1934,0.02,-2.48,5.19,2.12
3/31/1934,0.02,0.11,2.51,-2.73
4/30/1934,0.01,-1.78,2.8,-3.75
5/31/1934,0.01,-7.24,-0.26,-5.91
6/30/1934,0.01,2.65,-2.14,-2.92
7/31/1934,0.01,-10.95,-6.94,-10.66
8/31/1934,0.01,5.59,5.42,0.5
9/30/1934,0.01,-0.22,-1.52,-1.24
10/31/1934,0.01,-1.65,1.24,-5.11
11/30/1934,0.01,8.34,6.49,-2.24
12/31/1934,0.01,0.37,3.08,-3.17
1/31/1935,0.01,-3.44,1.07,-1.89
2/28/1935,0.02,-1.92,0.42,-7.24
3/31/1935,0.01,-3.67,-3.54,-5.06
4/30/1935,0.01,9.07,-1.56,4.27
5/31/1935,0.01,3.48,-3.28,2.52
6/30/1935,0.01,5.94,-5.03,2.13
7/31/1935,0.01,7.52,1.47,6.86
8/31/1935,0.01,2.66,6.28,5.7
9/30/1935,0.01,2.64,1.57,-4.05
10/31/1935,0.01,7.04,2.65,-2.33
11/30/1935,0.02,4.9,4.3,11.91
12/31/1935,0.01,4.57,0.22,1.07
1/31/1936,0.01,6.9,5.1,10.51
2/29/1936,0.01,2.5,1.14,5.04
3/31/1936,0.02,1.01,0.66,-1.66
4/30/1936,0.02,-8.12,-6.03,-2.08
5/31/1936,0.02,5.21,0.81,2.63
6/30/1936,0.03,2.43,-3.25,-1.2
7/31/1936,0.01,6.68,1.14,2.56
8/31/1936,0.02,1.01,0.72,3.99
9/30/1936,0.01,0.99,3.07,0.88
10/31/1936,0.02,7.14,-2.39,2.52
11/30/1936,0.01,3.28,9.01,-0.92
12/31/1936,0,0.21,3.61,3.96
1/31/1937,0.01,3.36,4.31,2.61
2/28/1937,0.02,1.11,1.23,5.05
3/31/1937,0.01,-0.26,-1.78,6.39
4/30/1937,0.03,-7.33,-3.77,-3.61
5/31/1937,0.06,-0.77,-0.66,-3.49
6/30/1937,0.03,-4.18,-3.65,-3.21
7/31/1937,0.03,8.94,0.85,0.82
8/31/1937,0.02,-4.84,0.42,-2.25
9/30/1937,0.04,-13.57,-6.89,-4.57
10/31/1937,0.02,-9.59,0.45,-1.62
11/30/1937,0.02,-8.29,-3.65,0.2
12/31/1937,0,-4.24,-7.76,-0.39
1/31/1938,0,0.49,4.97,-1.6
2/28/1938,0,5.84,0.35,-2.02
3/31/1938,-0.01,-23.83,-4.24,-3.52
4/30/1938,0.01,14.52,6.37,0.18
5/31/1938,0,-3.83,-2.47,-0.28
6/30/1938,0,23.87,4.05,0.3
7/31/1938,-0.01,7.33,6.66,2.18
8/31/1938,0,-2.67,-2.44,-4.72
9/30/1938,0.02,0.83,-2.72,-1.62
10/31/1938,0.01,7.81,5.83,5.01
11/30/1938,-0.06,-1.78,-2.56,-1.23
12/31/1938,0,4.19,-1.8,0.5
1/31/1939,-0.01,-5.97,-1.56,-3.92
2/28/1939,0.01,3.52,0.63,2.95
3/31/1939,-0.01,-12,-4.76,-8.29
4/30/1939,0,-0.18,1.66,-0.3
5/31/1939,0.01,6.81,2.81,0.47
6/30/1939,0.01,-5.3,-1.02,-5.41
7/31/1939,0,10.24,4.32,-0.03
8/31/1939,-0.01,-6.69,-4.61,-2.42
9/30/1939,0.01,16.89,20.23,22.22
10/31/1939,0,-0.53,-0.01,-4.89
11/30/1939,0,-3.62,-5.07,-6.46
12/31/1939,0,3.03,0.79,-4.06
1/31/1940,0,-2.41,0.24,-0.77
2/29/1940,0,1.44,2.51,-0.32
3/31/1940,0,2.05,1.25,-1.27
4/30/1940,0,0.22,3.92,-0.13
5/31/1940,-0.02,-21.97,-6.66,-3.69
6/30/1940,0,6.67,-2.13,4.63
7/31/1940,0.01,3.17,1.01,-0.74
8/31/1940,-0.01,2.18,-0.11,0.56
9/30/1940,0,2.39,3.22,-1.13
10/31/1940,0,3.02,0.28,4.64
11/30/1940,0,-1.61,1.94,0.12
12/31/1940,0,0.69,-2.15,-0.89
1/31/1941,-0.01,-4.18,1,3.83
2/28/1941,-0.01,-1.44,-1.57,0.89
3/31/1941,0.01,0.85,0.1,3.04
4/30/1941,-0.01,-5.47,-1.69,3.41
5/31/1941,0,1.39,-0.66,0.6
6/30/1941,0,5.83,1.32,0.59
7/31/1941,0.03,5.9,5.7,7.25
8/31/1941,0.01,-0.16,-0.41,-1.1
9/30/1941,0.01,-0.86,-0.99,-0.28
10/31/1941,0,-5.25,-2.02,1.63
11/30/1941,0,-1.92,-1.21,-0.64
12/31/1941,0.01,-4.86,-2.98,-5.94
1/31/1942,0.02,0.81,7.52,10.1
2/28/1942,0.01,-2.45,1.72,-1.13
3/31/1942,0.01,-6.57,1.78,-0.62
4/30/1942,0.01,-4.36,-0.6,2.09
5/31/1942,0.03,5.97,-3.05,-2.65
6/30/1942,0.02,2.71,-1.22,0.54
7/31/1942,0.03,3.54,-0.16,2.4
8/31/1942,0.03,1.83,-0.09,1.33
9/30/1942,0.03,2.64,0.66,2.39
10/31/1942,0.03,6.85,1.82,6.47
11/30/1942,0.03,0.18,-1.54,-4.24
12/31/1942,0.03,5.15,-2.49,0.56
1/31/1943,0.03,7.16,8.78,8.23
2/28/1943,0.03,6.18,4.84,6.51
3/31/1943,0.03,6.04,5.03,5.48
4/30/1943,0.03,0.84,2.06,5.86
5/31/1943,0.03,5.77,4.41,3.28
6/30/1943,0.03,1.85,-1.06,-0.74
7/31/1943,0.03,-4.74,-2.41,-2.27
8/31/1943,0.03,1.33,-0.62,-0.47
9/30/1943,0.03,2.43,1.28,1.43
10/31/1943,0.03,-1.12,0.58,1.65
11/30/1943,0.03,-5.88,-1.64,-4.04
12/31/1943,0.03,6.39,3.34,3.22
1/31/1944,0.03,1.77,2.56,2.17
2/29/1944,0.03,0.4,-0.1,0.83
3/31/1944,0.02,2.48,1.71,3.43
4/30/1944,0.03,-1.66,-1.35,-1.13
5/31/1944,0.03,5.1,1.67,1.02
6/30/1944,0.03,5.52,4.04,1.82
7/31/1944,0.03,-1.46,0.55,-0.43
8/31/1944,0.03,1.6,2.41,-1.63
9/30/1944,0.02,0.03,0.47,-1.21
10/31/1944,0.03,0.19,-0.14,-0.34
11/30/1944,0.03,1.74,0.37,2.31
12/31/1944,0.02,4.05,2.24,5.91
1/31/1945,0.03,2.04,2.44,0.71
2/28/1945,0.02,6.25,1.56,4.4
3/31/1945,0.02,-3.87,-1.61,-1.78
4/30/1945,0.03,7.83,0.32,3.21
5/31/1945,0.03,1.76,1.51,0.35
6/30/1945,0.02,0.41,3.1,4.32
7/31/1945,0.03,-2.14,-1.46,-2.71
8/31/1945,0.03,6.23,1.61,-4.4
9/30/1945,0.03,4.8,1.71,0.48
10/31/1945,0.03,3.92,2.46,2.25
11/30/1945,0.02,5.41,4.16,4.34
12/31/1945,0.03,1.23,2.12,-2.32
1/31/1946,0.03,6.27,4.02,2.21
2/28/1946,0.03,-5.8,-0.73,-1.27
3/31/1946,0.03,5.9,0.31,-0.36
4/30/1946,0.03,4.26,2.37,0.45
5/31/1946,0.03,3.96,1.46,1.09
6/30/1946,0.03,-3.86,-1.53,-0.59
7/31/1946,0.03,-2.66,-2.06,0.04
8/31/1946,0.03,-6.41,-1.78,0.6
9/30/1946,0.03,-10.14,-4.41,-1.96
10/31/1946,0.03,-1.41,0.09,3.44
11/30/1946,0.03,0.02,-0.4,1.52
12/31/1946,0.03,4.99,0.06,-1.38
1/31/1947,0.03,1.28,2.18,-0.73
2/28/1947,0.03,-1.05,0.68,0.14
3/31/1947,0.03,-1.64,-1.61,0.61
4/30/1947,0.03,-4.77,-3.97,0.85
5/31/1947,0.03,-0.94,-3.26,0.34
6/30/1947,0.03,5.32,-0.31,-0.6
7/31/1947,0.03,4.17,1.43,2.82
8/31/1947,0.03,-1.71,0.3,0.16
9/30/1947,0.06,-0.48,1.64,1.36
10/31/1947,0.06,2.53,0.51,0.08
11/30/1947,0.06,-1.91,-1.74,1.06
12/31/1947,0.08,3.08,-2.48,3.69
1/31/1948,0.07,-3.86,2.49,1.38
2/29/1948,0.07,-4.31,-1.71,0.07
3/31/1948,0.09,8.16,0.13,4.49
4/30/1948,0.08,3.73,-1.66,4.1
5/31/1948,0.08,7.38,0.93,-1.23
6/30/1948,0.09,-0.01,-1.86,2.75
7/31/1948,0.08,-5.01,-0.32,0.07
8/31/1948,0.09,0.34,-1.1,0.27
9/30/1948,0.04,-2.93,-1.23,-1.79
10/31/1948,0.04,6,-1.5,0.56
11/30/1948,0.04,-9.26,-0.62,-4.14
12/31/1948,0.04,3.3,-2.8,-1.94
1/31/1949,0.1,0.33,1.81,1.17
2/28/1949,0.09,-2.84,-1.89,-0.91
3/31/1949,0.1,4.14,2.48,1.34
4/30/1949,0.09,-1.78,-0.89,-1.18
5/31/1949,0.1,-2.84,-0.77,-2.42
6/30/1949,0.1,0.2,-0.88,-1.76
7/31/1949,0.09,5.63,0.57,0.38
8/31/1949,0.09,2.69,0.13,-0.57
9/30/1949,0.09,3.18,1.05,0.23
10/31/1949,0.09,3.23,1.03,-0.49
11/30/1949,0.08,1.9,-0.93,-0.91
12/31/1949,0.09,5.22,2.07,1.75
1/31/1950,0.09,1.79,3.36,0.14
2/28/1950,0.09,1.57,0.04,-0.81
3/31/1950,0.1,1.36,-1.41,-2.77
4/30/1950,0.09,4.03,1.99,1.34
5/31/1950,0.1,4.41,-2.12,0.46
6/30/1950,0.1,-5.84,-2.38,-0.78
7/31/1950,0.1,1.46,0.51,13.66
8/31/1950,0.1,4.95,0.73,-1.41
9/30/1950,0.1,4.91,0.57,-1.11
10/31/1950,0.12,-0.06,-0.58,1.44
11/30/1950,0.11,2.87,-0.84,3.17
12/31/1950,0.11,5.65,1.49,7.23
1/31/1951,0.13,5.83,1.73,3.72
2/28/1951,0.1,1.51,0.09,-2.83
3/31/1951,0.11,-2.04,-0.64,-4.22
4/30/1951,0.13,4.99,-1.49,3.28
5/31/1951,0.12,-2.22,-0.01,-1.33
6/30/1951,0.12,-2.5,-1.95,-3.96
7/31/1951,0.13,7.07,-1.92,1.91
8/31/1951,0.13,4.4,0.84,0.25
9/30/1951,0.12,0.82,1.88,0.64
10/31/1951,0.16,-2.37,-0.28,0.24
11/30/1951,0.11,0.68,-0.44,0.26
12/31/1951,0.12,3.45,-2.06,-1.93
1/31/1952,0.15,1.6,-0.76,1.82
2/29/1952,0.12,-2.5,0.67,-0.22
3/31/1952,0.11,4.55,-3.02,2.21
4/30/1952,0.12,-4.85,0.38,0.25
5/31/1952,0.13,3.33,-1.06,0.2
6/30/1952,0.15,3.98,-1.6,1.18
7/31/1952,0.15,1.06,-0.35,-0.4
8/31/1952,0.15,-0.61,1.21,-0.12
9/30/1952,0.16,-1.87,1.19,-1.59
10/31/1952,0.14,-0.52,-1.1,-0.46
11/30/1952,0.1,6.04,-0.69,0.88
12/31/1952,0.16,3.09,-1.42,0
1/31/1953,0.16,-0.18,3.54,1.28
2/28/1953,0.14,-0.13,2.16,-0.13
3/31/1953,0.18,-1.25,-0.14,-1.03
4/30/1953,0.16,-2.67,0.27,1.45
5/31/1953,0.17,0.69,-0.03,0.13
6/30/1953,0.18,-1.71,-1.85,-0.47
7/31/1953,0.15,2.55,-1.01,-0.37
8/31/1953,0.17,-4.35,0.44,-3.62
9/30/1953,0.16,0.36,-0.81,-2.55
10/31/1953,0.13,4.73,-1.4,-0.03
11/30/1953,0.08,2.91,-1.23,-0.4
12/31/1953,0.13,0.16,-0.72,-2.96
1/31/1954,0.11,5.24,0.42,3.53
2/28/1954,0.07,1.74,-0.21,-0.23
3/31/1954,0.08,3.73,-0.51,-1.55
4/30/1954,0.09,4.36,-3.46,-0.5
5/31/1954,0.05,3.14,0.36,2.53
6/30/1954,0.06,1.13,0.4,-0.05
7/31/1954,0.05,5.04,1.05,4.13
8/31/1954,0.05,-2.29,2.68,-1.44
9/30/1954,0.09,6.48,-2.56,0.68
10/31/1954,0.07,-1.6,0.57,0.71
11/30/1954,0.06,9.44,-2.65,4.18
12/31/1954,0.08,5.56,2.15,5.74
1/31/1955,0.08,0.68,0.24,2.22
2/28/1955,0.09,3.11,1.54,0.61
3/31/1955,0.1,-0.06,-0.69,2.01
4/30/1955,0.1,3.21,-1.78,0.74
5/31/1955,0.14,1.07,-0.28,-0.87
6/30/1955,0.1,6.65,-4.65,1.86
7/31/1955,0.1,2,-1.36,0.63
8/31/1955,0.16,0.37,-0.38,0.59
9/30/1955,0.16,-0.2,0.3,-1.06
10/31/1955,0.18,-2.5,1.5,-0.03
11/30/1955,0.17,7.2,-2.46,0.51
12/31/1955,0.18,1.67,2.09,-2.26
1/31/1956,0.22,-2.81,0.44,1.12
2/29/1956,0.19,3.96,-1.03,-0.55
3/31/1956,0.15,6.79,-2.41,-0.15
4/30/1956,0.19,0.47,0.06,-0.16
5/31/1956,0.23,-4.97,1.51,-1.34
6/30/1956,0.2,3.68,-1.47,-1.3
7/31/1956,0.22,5.06,-1.8,0.19
8/31/1956,0.17,-3.01,2.02,-0.86
9/30/1956,0.18,-4.96,1.62,1.75
10/31/1956,0.25,0.77,-0.13,0.01
11/30/1956,0.2,0.56,-0.28,1.99
12/31/1956,0.24,3.4,-0.2,-1.87
1/31/1957,0.27,-3.31,3.57,2.55
2/28/1957,0.24,-1.82,-0.74,-0.7
3/31/1957,0.23,2.36,0.27,-0.48
4/30/1957,0.25,4.51,-1.79,-1.25
5/31/1957,0.26,3.71,-1.09,-2.07
6/30/1957,0.24,-0.5,0.58,-0.07
7/31/1957,0.3,0.96,-0.76,0.39
8/31/1957,0.25,-4.86,0.07,-0.45
9/30/1957,0.26,-5.72,0.07,0.88
10/31/1957,0.29,-4.03,-2.52,-1.83
11/30/1957,0.28,2.58,0.41,-2.9
12/31/1957,0.24,-3.67,-0.92,-1.72
1/31/1958,0.28,4.94,4.37,4.22
2/28/1958,0.12,-1.4,0.7,0.28
3/31/1958,0.09,3.36,0.63,-0.92
4/30/1958,0.08,3.17,-0.59,1.47
5/31/1958,0.11,2.42,2.23,-0.35
6/30/1958,0.03,2.96,-0.24,0.51
7/31/1958,0.07,4.46,0.48,3.1
8/31/1958,0.04,1.95,1.17,0.31
9/30/1958,0.19,4.85,0.14,2.98
10/31/1958,0.18,2.71,1.13,-1.18
11/30/1958,0.11,3.12,2.04,-1.28
12/31/1958,0.22,5.37,-2.05,-0.08
1/31/1959,0.21,0.92,3,3.03
2/28/1959,0.19,1.14,1.53,0.99
3/31/1959,0.22,0.5,1.49,-0.38
4/30/1959,0.2,3.86,-0.54,-1.32
5/31/1959,0.22,1.95,-2.11,1.78
6/30/1959,0.25,0,0.66,1.38
7/31/1959,0.25,3.42,-0.33,0.28
8/31/1959,0.19,-1.2,-0.78,0.4
9/30/1959,0.31,-4.49,-0.08,0.5
10/31/1959,0.3,1.58,1.43,-2.04
11/30/1959,0.26,1.86,1.29,-3.27
12/31/1959,0.34,2.79,-0.6,-0.08
1/31/1960,0.33,-6.65,2.05,2.69
2/29/1960,0.29,1.46,0.56,-2.03
3/31/1960,0.35,-1.28,-0.47,-2.84
4/30/1960,0.19,-1.52,0.39,-2.37
5/31/1960,0.27,3.39,1.27,-3.72
6/30/1960,0.24,2.32,-0.17,-0.26
7/31/1960,0.13,-2.24,-0.57,2.12
8/31/1960,0.17,3.18,0.88,-0.17
9/30/1960,0.16,-5.83,-1.14,1.62
10/31/1960,0.22,-0.49,-3.95,2.61
11/30/1960,0.13,4.82,0.29,-2.4
12/31/1960,0.16,4.87,-1.6,-0.71
1/31/1961,0.19,6.39,0.68,3.67
2/28/1961,0.14,3.71,3.94,-0.68
3/31/1961,0.2,3.09,3.19,-0.68
4/30/1961,0.17,0.46,0.12,2.04
5/31/1961,0.18,2.58,1.93,0.51
6/30/1961,0.2,-2.88,-2.48,-0.19
7/31/1961,0.18,3.01,-1.9,-0.13
8/31/1961,0.14,2.71,-1.81,-0.19
9/30/1961,0.17,-1.98,-1.12,-0.48
10/31/1961,0.19,2.76,-1.98,0.61
11/30/1961,0.15,4.6,1.05,-0.9
12/31/1961,0.19,0.01,-1.12,2.21
1/31/1962,0.24,-3.63,1.84,4.99
2/28/1962,0.2,2.01,-1.19,0.89
3/31/1962,0.2,-0.48,0.23,-1.01
4/30/1962,0.22,-6.37,-0.98,0.48
5/31/1962,0.24,-8.41,-3.01,2.31
6/30/1962,0.2,-8.27,-0.77,2.8
7/31/1962,0.27,6.55,1.6,-3.6
8/31/1962,0.23,2.36,1.25,-1.23
9/30/1962,0.21,-5.01,-2.49,1.31
10/31/1962,0.25,0.2,-4.01,1.36
11/30/1962,0.2,11.07,2.58,1.04
12/31/1962,0.23,1.24,-3.79,0.33
1/31/1963,0.25,5.18,3.1,2.19
2/28/1963,0.23,-2.15,0.48,2.25
3/31/1963,0.23,3.31,-2.51,1.93
4/30/1963,0.25,4.76,-1.32,1.03
5/31/1963,0.24,2,1.07,2.56
6/30/1963,0.23,-1.77,-0.27,0.73
7/31/1963,0.27,-0.12,-0.55,-0.82
8/31/1963,0.25,5.32,-0.94,1.63
9/30/1963,0.27,-1.3,-0.3,0.19
10/31/1963,0.29,2.82,-0.53,-0.11
11/30/1963,0.27,-0.58,-1.11,1.66
12/31/1963,0.29,2.12,-1.96,-0.11
1/31/1964,0.3,2.54,-0.2,1.64
2/29/1964,0.26,1.8,0.08,2.83
3/31/1964,0.31,1.72,0.98,3.36
4/30/1964,0.29,0.39,-1.41,-0.42
5/31/1964,0.26,1.68,-0.87,1.88
6/30/1964,0.3,1.57,-0.28,0.72
7/31/1964,0.3,2.04,0.23,0.7
8/31/1964,0.28,-1.16,0.09,0.12
9/30/1964,0.28,2.97,-0.52,1.65
10/31/1964,0.29,0.88,0.45,1.14
11/30/1964,0.29,0.29,0.6,-1.96
12/31/1964,0.31,0.34,-0.24,-2.58
1/31/1965,0.28,3.82,2.67,0.2
2/28/1965,0.3,0.74,3.48,0.19
3/31/1965,0.36,-0.98,1.79,1.07
4/30/1965,0.31,3.42,1.19,0.7
5/31/1965,0.31,-0.46,0.03,-1.62
6/30/1965,0.35,-5.16,-4.35,0.58
7/31/1965,0.31,1.74,0.85,2.21
8/31/1965,0.33,3.06,2.84,-1.07
9/30/1965,0.31,3.17,0.62,-0.11
10/31/1965,0.31,2.91,2.43,1.6
11/30/1965,0.35,0.32,4.68,0.23
12/31/1965,0.33,1.34,2.07,2.08
1/31/1966,0.38,1.1,3.85,3.57
2/28/1966,0.35,-0.86,4.45,0.36
3/31/1966,0.38,-2.13,0.95,-2.05
4/30/1966,0.34,2.48,3.43,-0.44
5/31/1966,0.41,-5.25,-4.65,-1.65
6/30/1966,0.38,-1.06,1.06,0.49
7/31/1966,0.35,-1.28,-0.32,0.82
8/31/1966,0.41,-7.5,-3.32,0.56
9/30/1966,0.4,-0.66,-1.1,0.5
10/31/1966,0.45,4.31,-6.59,2.81
11/30/1966,0.4,1.8,4.33,-4.6
12/31/1966,0.4,0.53,1.85,-1.29
1/31/1967,0.43,8.58,8.43,2.03
2/28/1967,0.36,1.14,3.37,-2.26
3/31/1967,0.39,4.38,1.74,0.19
4/30/1967,0.32,4.21,0.57,-2.54
5/31/1967,0.33,-4,2,0.89
6/30/1967,0.27,2.68,5.99,0.94
7/31/1967,0.31,4.89,3.09,2.65
8/31/1967,0.31,-0.58,0.48,1.47
9/30/1967,0.32,3.43,3.09,-2.47
10/31/1967,0.39,-2.7,1.42,-3.39
11/30/1967,0.36,0.73,0.2,-1.71
12/31/1967,0.33,3.38,5.73,-0.39
1/31/1968,0.4,-3.66,3.89,4.76
2/29/1968,0.39,-3.36,-2.96,1.17
3/31/1968,0.38,0.58,-1.29,-0.59
4/30/1968,0.43,9.48,5.73,-1.03
5/31/1968,0.45,2.73,6.41,0.84
6/30/1968,0.43,1.12,-0.17,0.67
7/31/1968,0.48,-2.24,-1.31,5.48
8/31/1968,0.42,1.76,2.35,1.01
9/30/1968,0.43,4.46,2.79,0.24
10/31/1968,0.44,0.86,-0.48,2.9
11/30/1968,0.42,5.85,2.36,-0.9
12/31/1968,0.43,-3.51,3.44,0.02
1/31/1969,0.53,-0.72,-0.79,1.69
2/28/1969,0.46,-5.38,-3.88,0.92
3/31/1969,0.46,3.1,-0.25,-0.45
4/30/1969,0.53,1.99,-0.87,0.05
5/31/1969,0.48,0.38,-0.27,0.73
6/30/1969,0.51,-6.67,-5.39,-1.09
7/31/1969,0.53,-6.47,-3.2,1.43
8/31/1969,0.5,5.18,0.93,-3.86
9/30/1969,0.62,-2.36,1.22,-3.22
10/31/1969,0.6,5.66,3.8,-3.22
11/30/1969,0.52,-3.27,-2.53,-1.11
12/31/1969,0.64,-1.99,-3.66,-3.07
1/31/1970,0.6,-7.5,2.91,3.06
2/28/1970,0.62,5.75,-2.38,4.03
3/31/1970,0.57,-0.49,-2.32,4.25
4/30/1970,0.5,-10.5,-6.11,6.4
5/31/1970,0.53,-6.39,-4.5,3.65
6/30/1970,0.58,-5.21,-2.13,0.79
7/31/1970,0.52,7.45,-0.56,1.03
8/31/1970,0.53,5.02,1.53,1.07
9/30/1970,0.54,4.72,8.63,-5.5
10/31/1970,0.46,-1.82,-4.22,0.2
11/30/1970,0.46,5.05,-4.07,1.68
12/31/1970,0.42,6.14,2.93,0.99
1/31/1971,0.38,5.22,7.44,1.35
2/28/1971,0.33,1.74,1.9,-1.34
3/31/1971,0.3,4.43,2.57,-4
4/30/1971,0.28,3.43,-0.48,0.74
5/31/1971,0.29,-3.69,-1.1,-1.38
6/30/1971,0.37,0.27,-1.43,-2
7/31/1971,0.4,-4.1,-1.5,0.14
8/31/1971,0.47,4.26,-0.19,2.72
9/30/1971,0.37,-0.48,0.41,-2.95
10/31/1971,0.37,-4.05,-1.78,-0.48
11/30/1971,0.37,-0.09,-2.83,-1.75
12/31/1971,0.37,9.08,3.28,-0.24
1/31/1972,0.29,2.78,6.11,2.06
2/29/1972,0.25,3.12,1.39,-2.75
3/31/1972,0.27,0.9,-0.27,-1.66
4/30/1972,0.29,0.58,-0.02,0.39
5/31/1972,0.3,1.55,-2.79,-2.73
6/30/1972,0.29,-2.14,0.32,-2.42
7/31/1972,0.31,-0.49,-2.89,0.77
8/31/1972,0.29,3.55,-4.07,4.64
9/30/1972,0.34,-0.8,-2.69,0.5
10/31/1972,0.4,0.92,-2.71,1.32
11/30/1972,0.37,4.97,-1.12,4.76
12/31/1972,0.37,0.99,-1.86,-2.26
1/31/1973,0.44,-2.85,-3.5,2.7
2/28/1973,0.41,-4.44,-3.99,1.7
3/31/1973,0.46,-0.83,-2.87,2.83
4/30/1973,0.52,-5.16,-3.99,5.69
5/31/1973,0.51,-2.43,-6.12,0.21
6/30/1973,0.51,-1.05,-2.94,1.42
7/31/1973,0.64,5.68,7.86,-5.18
8/31/1973,0.7,-3.14,-2.05,1.2
9/30/1973,0.68,5.43,2.91,2.12
10/31/1973,0.65,-0.21,-0.17,1.73
11/30/1973,0.56,-12.18,-7.7,4
12/31/1973,0.64,1.22,-5.33,4.22
1/31/1974,0.63,0.46,9.87,5.86
2/28/1974,0.58,0.1,0.01,2.55
3/31/1974,0.56,-2.25,2.48,-0.09
4/30/1974,0.75,-4.54,-0.72,1.01
5/31/1974,0.75,-3.92,-3.04,-2.07
6/30/1974,0.6,-2.23,-0.18,0.77
7/31/1974,0.7,-7.35,0.9,5.22
8/31/1974,0.6,-8.75,-0.69,2.56
9/30/1974,0.81,-10.96,0.26,5.54
10/31/1974,0.51,16.61,-3.5,-9.72
11/30/1974,0.54,-3.97,-1.18,-0.1
12/31/1974,0.7,-2.75,-4.84,0.07
1/31/1975,0.58,14.24,11.01,8.22
2/28/1975,0.43,5.99,0.17,-4.5
3/31/1975,0.41,3.07,3.77,2.41
4/30/1975,0.44,4.67,-0.52,-1.11
5/31/1975,0.44,5.63,3.84,-4.08
6/30/1975,0.41,5.24,0.77,1.28
7/31/1975,0.48,-6.11,2.68,1.69
8/31/1975,0.48,-2.37,-3.2,-0.9
9/30/1975,0.53,-3.73,-0.13,0.35
10/31/1975,0.56,5.87,-4.02,0.3
11/30/1975,0.41,3.06,-1.19,1.99
12/31/1975,0.48,-1.12,-0.76,1.76
1/31/1976,0.47,12.63,4.81,8.57
2/29/1976,0.34,0.66,7.04,5.77
3/31/1976,0.4,2.73,-1.16,-0.02
4/30/1976,0.42,-1.07,-0.04,-0.06
5/31/1976,0.37,-0.97,-1.25,-1.33
6/30/1976,0.43,4.48,-1.35,0.68
7/31/1976,0.47,-0.6,0.3,1.74
8/31/1976,0.42,-0.14,-2,0.77
9/30/1976,0.44,2.5,-0.01,-0.29
10/31/1976,0.41,-2.01,0.25,-0.13
11/30/1976,0.4,0.76,2.35,1.52
12/31/1976,0.4,6.05,3,2.22
1/31/1977,0.36,-3.69,4.78,4.27
2/28/1977,0.35,-1.6,1.1,0.49
3/31/1977,0.38,-0.99,1,1.03
4/30/1977,0.38,0.53,-0.11,3.45
5/31/1977,0.37,-1.09,1.2,0.83
6/30/1977,0.4,5.11,2.13,-0.65
7/31/1977,0.42,-1.27,2.13,-0.61
8/31/1977,0.44,-1.31,1.52,-2.8
9/30/1977,0.43,0.16,1.45,-0.49
10/31/1977,0.49,-3.89,1.27,1.71
11/30/1977,0.5,4.5,3.69,0.36
12/31/1977,0.49,0.76,1.33,-0.35
1/31/1978,0.49,-5.52,2.22,3.28
2/28/1978,0.46,-0.92,3.56,0.8
3/31/1978,0.53,3.38,3.45,1.27
4/30/1978,0.54,8.42,0.38,-3.48
5/31/1978,0.51,2.27,4.56,-0.63
6/30/1978,0.54,-1.15,1.69,0.58
7/31/1978,0.56,5.67,0.28,-1.09
8/31/1978,0.56,4.31,5.1,-0.48
9/30/1978,0.62,-0.81,-0.41,1.87
10/31/1978,0.68,-11.23,-9.9,1.36
11/30/1978,0.7,3.41,3.01,-2.21
12/31/1978,0.78,1.66,1.25,-2.19
1/31/1979,0.77,5,3.68,2.24
2/28/1979,0.73,-2.83,0.45,1.18
3/31/1979,0.81,6.49,3.19,-0.65
4/30/1979,0.8,0.74,2.16,1.07
5/31/1979,0.82,-1.39,0.55,1.92
6/30/1979,0.81,4.66,1.18,1.48
7/31/1979,0.77,1.59,1.26,1.68
8/31/1979,0.77,6.3,2.07,-1.49
9/30/1979,0.83,0.01,-0.24,-0.89
10/31/1979,0.87,-7.23,-3.32,-1.89
11/30/1979,0.99,6.2,2.74,-3.27
12/31/1979,0.95,2.74,4.19,-2.03
1/31/1980,0.8,6.31,1.65,1.85
2/29/1980,0.89,-0.33,-1.81,0.62
3/31/1980,1.21,-11.69,-6.64,-1.06
4/30/1980,1.26,5.23,0.96,1.05
5/31/1980,0.81,6.07,2.13,0.44
6/30/1980,0.61,3.67,1.67,-0.88
7/31/1980,0.53,7.02,4.24,-6.3
8/31/1980,0.64,2.44,3.91,-2.64
9/30/1980,0.75,2.94,0.88,-4.79
10/31/1980,0.95,2.01,2.47,-2.73
11/30/1980,0.96,10.55,-3.45,-8.34
12/31/1980,1.31,-3.21,-0.27,2.68
1/31/1981,1.04,-4,3,6.84
2/28/1981,1.07,1.63,-0.3,0.96
3/31/1981,1.21,4.77,3.58,0.67
4/30/1981,1.08,-1.02,4.42,2.26
5/31/1981,1.15,1.26,2,-0.42
6/30/1981,1.35,-1.01,-0.85,5.12
7/31/1981,1.24,-0.3,-2.18,-0.63
8/31/1981,1.28,-5.75,-1.95,4.83
9/30/1981,1.24,-5.93,-2.66,5.18
10/31/1981,1.21,6.13,2.14,-4.21
11/30/1981,1.07,4.43,-0.97,1.89
12/31/1981,0.87,-2.78,1.18,0.75
1/31/1982,0.8,-2.44,-1.29,3.14
2/28/1982,0.92,-4.94,0.48,6.07
3/31/1982,0.98,-0.89,-0.2,3.78
4/30/1982,1.13,4.4,1.51,-2.81
5/31/1982,1.06,-2.93,0.47,1.82
6/30/1982,0.96,-2.13,-0.4,1.51
7/31/1982,1.05,-2.14,0.84,0.15
8/31/1982,0.76,11.9,-4.11,1.16
9/30/1982,0.51,1.8,2.88,0.34
10/31/1982,0.59,11.89,2.36,-3.68
11/30/1982,0.63,5.3,4.77,-1.96
12/31/1982,0.67,1.22,-0.18,0.01
1/31/1983,0.69,4.29,2.69,-0.86
2/28/1983,0.62,3.21,3.23,0.67
3/31/1983,0.63,3.45,1.78,2.07
4/30/1983,0.71,7.38,0.54,0.6
5/31/1983,0.69,1.21,6.15,-1.39
6/30/1983,0.67,3.74,0.9,-3.86
7/31/1983,0.74,-3.33,1.47,5.58
8/31/1983,0.76,0.26,-4.29,5.52
9/30/1983,0.76,1.68,0.56,1.06
10/31/1983,0.76,-2.68,-3.6,5.02
11/30/1983,0.7,2.86,2.03,-0.64
12/31/1983,0.73,-1.05,-0.29,1.68
1/31/1984,0.76,-1.16,-0.43,7.6
2/29/1984,0.71,-4.11,-1.7,3.3
3/31/1984,0.73,1.36,0.06,0.48
4/30/1984,0.81,0.29,-1.19,1.24
5/31/1984,0.78,-5.19,0.05,0.24
6/30/1984,0.75,2.57,-0.31,-2.61
7/31/1984,0.82,-1.92,-2.21,0.43
8/31/1984,0.83,11.11,-0.25,-1.81
9/30/1984,0.86,0.06,0.22,5.28
10/31/1984,1,0.16,-1.21,0.49
11/30/1984,0.73,-1.03,-0.61,4.05
12/31/1984,0.64,2.48,-0.6,-0.16
1/31/1985,0.65,8.64,3.27,-5.4
2/28/1985,0.58,1.8,0.77,-0.14
3/31/1985,0.62,-0.22,-1.14,4.05
4/30/1985,0.72,-0.24,0.15,3.71
5/31/1985,0.66,5.75,-2.25,-0.85
6/30/1985,0.55,1.82,0.56,0.55
7/31/1985,0.62,-0.12,2.85,-1.66
8/31/1985,0.55,-0.47,-0.34,2.25
9/30/1985,0.6,-3.94,-1.58,1.32
10/31/1985,0.65,4.67,-1.57,0.78
11/30/1985,0.61,7.09,0.22,-2.92
12/31/1985,0.65,4.53,-0.5,-1.58
1/31/1986,0.56,1.21,1.22,0.56
2/28/1986,0.53,7.66,-0.65,-0.93
3/31/1986,0.6,5.48,-0.51,-0.47
4/30/1986,0.52,-0.79,2.84,-2.91
5/31/1986,0.49,5.11,-1.31,-0.11
6/30/1986,0.52,1.55,-0.9,1.39
7/31/1986,0.52,-5.93,-3.38,4.77
8/31/1986,0.46,6.53,-4.18,3.51
9/30/1986,0.45,-8.15,2.28,3.19
10/31/1986,0.46,5.12,-2.49,-1.34
11/30/1986,0.39,1.56,-1.92,-0.05
12/31/1986,0.49,-2.78,0.08,0.33
1/31/1987,0.42,12.89,-1.8,-3.17
2/28/1987,0.43,4.82,3.49,-5.98
3/31/1987,0.47,2.11,0.37,1.64
4/30/1987,0.44,-1.67,-1.7,-0.32
5/31/1987,0.38,0.49,-0.52,0.12
6/30/1987,0.48,4.42,-2.19,1.06
7/31/1987,0.46,4.31,-0.63,0.71
8/31/1987,0.47,3.99,-0.75,-0.93
9/30/1987,0.45,-2.14,0.53,0.28
10/31/1987,0.6,-22.64,-8.42,4.23
11/30/1987,0.35,-7.42,2.76,3.08
12/31/1987,0.39,7.2,0.13,-4.45
1/31/1988,0.29,4.5,-0.7,5.17
2/29/1988,0.46,5.21,3.35,-1.65
3/31/1988,0.44,-1.83,6.15,0.75
4/30/1988,0.46,1.02,0.96,1.68
5/31/1988,0.51,0.22,-2.65,2.28
6/30/1988,0.49,5.28,2.12,-1.11
7/31/1988,0.51,-0.74,-0.21,2.27
8/31/1988,0.59,-2.72,0.08,2.08
9/30/1988,0.62,3.92,-1.26,-0.69
10/31/1988,0.61,1.76,-2.9,1.68
11/30/1988,0.57,-1.72,-1.73,1.27
12/31/1988,0.63,2.12,1.94,-1.55
1/31/1989,0.55,6.65,-2.13,0.53
2/28/1989,0.61,-1.64,2.76,0.88
3/31/1989,0.67,2.24,0.73,0.48
4/30/1989,0.67,5,-0.59,-1.47
5/31/1989,0.79,4.14,-0.03,-0.83
6/30/1989,0.71,-0.64,-1.01,2.16
7/31/1989,0.7,7.9,-4.02,-2.83
8/31/1989,0.74,2.18,0.5,0.73
9/30/1989,0.65,-0.11,0.28,-1.33
10/31/1989,0.68,-2.99,-3.3,-1.02
11/30/1989,0.69,1.72,-1.24,-1.11
12/31/1989,0.61,1.77,-2.41,0.3
1/31/1990,0.57,-7.28,-1.28,0.86
2/28/1990,0.57,1.68,1.03,0.61
3/31/1990,0.64,2.47,1.52,-2.89
4/30/1990,0.69,-2.67,-0.5,-2.55
5/31/1990,0.68,9.1,-2.56,-3.73
6/30/1990,0.63,-0.46,1.43,-1.95
7/31/1990,0.68,-1.22,-3.2,-0.02
8/31/1990,0.66,-9.49,-3.58,1.63
9/30/1990,0.6,-5.52,-3.67,0.74
10/31/1990,0.68,-1.24,-5.53,0.29
11/30/1990,0.57,6.92,0.32,-3.11
12/31/1990,0.6,3.06,0.81,-1.56
1/31/1991,0.52,5.21,3.8,-1.84
2/28/1991,0.48,7.67,3.94,-0.54
3/31/1991,0.44,3.09,3.9,-1.24
4/30/1991,0.53,0.25,0.51,1.4
5/31/1991,0.47,4.12,-0.34,-0.56
6/30/1991,0.42,-4.52,0.07,1.21
7/31/1991,0.49,4.73,-0.95,-1.27
8/31/1991,0.46,2.78,1.59,-0.79
9/30/1991,0.46,-1.13,1.63,-0.98
10/31/1991,0.42,1.71,0.9,-0.44
11/30/1991,0.39,-3.8,-0.47,-1.91
12/31/1991,0.38,11.22,-2.24,-4.04
1/31/1992,0.34,-0.25,8.45,4.5
2/29/1992,0.28,1.37,0.88,6.36
3/31/1992,0.34,-2.32,-1.03,3.66
4/30/1992,0.32,1.39,-6.12,4.28
5/31/1992,0.28,0.58,0.4,1.27
6/30/1992,0.32,-2.02,-3.09,3.41
7/31/1992,0.31,4.08,-0.44,-0.53
8/31/1992,0.26,-2.12,-0.11,-1.04
9/30/1992,0.26,1.45,0.56,-0.21
10/31/1992,0.23,1.25,2.04,-2.1
11/30/1992,0.23,4.36,3.69,-1.48
12/31/1992,0.28,1.81,1.65,2.51
1/31/1993,0.23,1.16,2.05,5.89
2/28/1993,0.22,0.34,-3.44,6.42
3/31/1993,0.25,2.55,0.24,1.24
4/30/1993,0.24,-2.81,-0.7,2.61
5/31/1993,0.22,3.11,1.96,-3.41
6/30/1993,0.25,0.56,-0.3,2.61
7/31/1993,0.24,-0.1,0.93,3.25
8/31/1993,0.25,3.96,0.32,-0.45
9/30/1993,0.26,0.14,3.12,-0.44
10/31/1993,0.22,1.63,1.45,-1.55
11/30/1993,0.25,-1.64,-1.43,-0.27
12/31/1993,0.23,1.88,1.22,0.57
1/31/1994,0.25,3.12,0.13,2.08
2/28/1994,0.21,-2.34,2.73,-1.44
3/31/1994,0.27,-4.51,-0.97,1.32
4/30/1994,0.27,0.95,-0.92,1.68
5/31/1994,0.31,0.89,-2.02,0.19
6/30/1994,0.31,-2.72,-0.47,1.68
7/31/1994,0.28,3.1,-1.72,0.6
8/31/1994,0.37,4.38,1.33,-2.82
9/30/1994,0.37,-1.94,2.82,-1.91
10/31/1994,0.38,1.72,-2.36,-1.74
11/30/1994,0.37,-3.67,0.27,-0.95
12/31/1994,0.44,1.3,0.03,0.53
1/31/1995,0.42,2.22,-2.65,0.81
2/28/1995,0.4,4.03,-0.69,1.04
3/31/1995,0.46,2.65,-0.7,-1.06
4/30/1995,0.44,2.55,-0.63,2.25
5/31/1995,0.54,3.44,-2.2,1.68
6/30/1995,0.47,3.19,2.93,-2.27
7/31/1995,0.45,4.17,2.09,-1.69
8/31/1995,0.47,1.02,1.6,2.72
9/30/1995,0.43,3.78,-2.11,-0.76
10/31/1995,0.47,-1.05,-3.74,-0.75
11/30/1995,0.42,4.38,-1.17,0.95
12/31/1995,0.49,1.52,0.57,0.86
1/31/1996,0.43,2.69,-2.61,0.32
2/29/1996,0.39,1.72,1.87,-1.44
3/31/1996,0.39,1.12,1.3,0.99
4/30/1996,0.46,2.52,4.92,-3.9
5/31/1996,0.42,2.78,3.04,-1.21
6/30/1996,0.4,-0.74,-3.58,1.55
7/31/1996,0.45,-5.52,-3.84,4.42
8/31/1996,0.41,3.18,2.29,-0.43
9/30/1996,0.44,5.45,-0.87,-3.13
10/31/1996,0.42,1.28,-4.47,5.1
11/30/1996,0.41,6.66,-3.91,1.21
12/31/1996,0.46,-1.24,3.21,0.86
1/31/1997,0.45,5.43,-1.84,-1.65
2/28/1997,0.39,-0.1,-2.9,5.18
3/31/1997,0.43,-4.59,-0.38,3.78
4/30/1997,0.43,4.47,-5.64,-0.07
5/31/1997,0.49,7.23,4.92,-3.91
6/30/1997,0.37,4.47,1.35,1.21
7/31/1997,0.43,7.76,-2.79,0.85
8/31/1997,0.41,-3.74,7.29,1.37
9/30/1997,0.44,5.79,2.61,0.01
10/31/1997,0.42,-3.38,-0.66,1.94
11/30/1997,0.39,3.37,-4.96,0.77
12/31/1997,0.48,1.8,-2.32,3.45
1/31/1998,0.43,0.58,-1.16,-1.43
2/28/1998,0.39,7.43,0.01,-0.15
3/31/1998,0.39,5.15,-0.93,1.03
4/30/1998,0.43,1.16,0.22,0.78
5/31/1998,0.4,-2.67,-3.75,4.15
6/30/1998,0.41,3.59,-3.14,-2.34
7/31/1998,0.4,-2.06,-5.13,-0.98
8/31/1998,0.43,-15.65,-5.3,3.39
9/30/1998,0.46,6.61,-0.14,-3.26
10/31/1998,0.32,7.45,-3.3,-2.2
11/30/1998,0.31,6.41,1.06,-3.13
12/31/1998,0.38,6.54,-0.34,-4.45
1/31/1999,0.35,3.85,0.37,-4.03
2/28/1999,0.35,-3.73,-5.64,1.37
3/31/1999,0.43,3.88,-3.93,-2.65
4/30/1999,0.37,4.7,3.96,2.54
5/31/1999,0.34,-2.12,3.46,2.33
6/30/1999,0.4,5.17,3.04,-3.58
7/31/1999,0.38,-3.09,2.66,-0.8
8/31/1999,0.39,-0.99,-1.35,-1.27
9/30/1999,0.39,-2.42,3.33,-3.37
10/31/1999,0.39,6.52,-6.87,-2.97
11/30/1999,0.36,3.73,7.4,-6.51
12/31/1999,0.44,8.16,7.15,-8.69
1/31/2000,0.41,-4.33,5.01,-0.45
2/29/2000,0.43,2.88,22.08,-10.49
3/31/2000,0.47,5.67,-17.17,7.86
4/30/2000,0.46,-5.94,-7.77,8.57
5/31/2000,0.5,-3.92,-4.94,2.39
6/30/2000,0.4,5.04,13.95,-10.03
7/31/2000,0.48,-2.03,-2.78,8.15
8/31/2000,0.5,7.53,-1.11,-0.69
9/30/2000,0.51,-4.94,-1.4,6.23
10/31/2000,0.56,-2.2,-3.77,5.55
11/30/2000,0.51,-10.21,-2.77,11.29
12/31/2000,0.5,1.69,0.96,7.3
1/31/2001,0.54,3.67,6.56,-4.88
2/28/2001,0.38,-9.67,-0.72,12.91
3/31/2001,0.42,-6.84,0.39,6.49
4/30/2001,0.39,8.33,0.5,-4.69
5/31/2001,0.32,1.04,2.6,3.13
6/30/2001,0.28,-1.66,6.03,-1.09
7/31/2001,0.3,-1.83,-4.35,5.61
8/31/2001,0.31,-6.15,2.5,2.56
9/30/2001,0.28,-8.97,-6.11,1.56
10/31/2001,0.22,2.68,7.56,-8.02
11/30/2001,0.17,7.71,-0.4,2
12/31/2001,0.15,1.76,4.56,1.08
1/31/2002,0.14,-1.3,1.19,3.35
2/28/2002,0.13,-2.16,-1.14,2.51
3/31/2002,0.13,4.37,4.26,1.11
4/30/2002,0.15,-5.05,5.94,3.92
5/31/2002,0.14,-1.24,-3.22,1.7
6/30/2002,0.13,-7.08,4.26,0.12
7/31/2002,0.15,-8.03,-5.37,-3.52
8/31/2002,0.14,0.64,-2.43,2.53
9/30/2002,0.14,-10.21,2.55,1.26
10/31/2002,0.14,7.98,-2.86,-5.4
11/30/2002,0.12,6.08,2.95,-0.95
12/31/2002,0.11,-5.65,0,2.21
1/31/2003,0.1,-2.47,1.44,-0.83
2/28/2003,0.09,-1.79,-0.35,-1.47
3/31/2003,0.1,1.19,1,-1.93
4/30/2003,0.1,8.32,0.61,1.11
5/31/2003,0.09,6.14,4.84,-0.1
6/30/2003,0.1,1.52,1.6,0.57
7/31/2003,0.07,2.42,5.34,-1.02
8/31/2003,0.07,2.41,2.65,2.1
9/30/2003,0.08,-1.16,0.81,0.01
10/31/2003,0.07,6.15,2.81,1.93
11/30/2003,0.07,1.42,2.16,1.96
12/31/2003,0.08,4.37,-3.05,2.35
1/31/2004,0.07,2.22,2.74,1.96
2/29/2004,0.06,1.46,-1.43,0.48
3/31/2004,0.09,-1.23,1.77,0.25
4/30/2004,0.08,-1.75,-2.12,-2.62
5/31/2004,0.06,1.23,-0.19,-0.35
6/30/2004,0.08,1.94,2.23,1.35
7/31/2004,0.1,-3.96,-3.8,4.09
8/31/2004,0.11,0.19,-1.59,0.96
9/30/2004,0.11,1.71,3.05,-0.24
10/31/2004,0.11,1.54,0.33,-0.56
11/30/2004,0.15,4.69,3.9,1.81
12/31/2004,0.16,3.59,0.16,-0.04
1/31/2005,0.16,-2.6,-1.53,1.95
2/28/2005,0.16,2.05,-0.49,1.65
3/31/2005,0.21,-1.76,-1.42,1.54
4/30/2005,0.21,-2.4,-4,-0.35
5/31/2005,0.24,3.89,2.87,-0.81
6/30/2005,0.23,0.8,2.59,2.69
7/31/2005,0.24,4.16,2.9,-0.54
8/31/2005,0.3,-0.92,-0.93,1.27
9/30/2005,0.29,0.78,-0.58,0.76
10/31/2005,0.27,-1.75,-1.21,0.25
11/30/2005,0.31,3.92,0.89,-1.19
12/31/2005,0.32,0.07,-0.49,0.4
1/31/2006,0.35,3.39,5.43,1.12
2/28/2006,0.34,0.04,-0.38,-0.25
3/31/2006,0.37,1.83,3.51,0.51
4/30/2006,0.36,1.09,-1.34,2.61
5/31/2006,0.43,-3.14,-3.03,2.57
6/30/2006,0.4,0.05,-0.38,0.86
7/31/2006,0.4,-0.38,-4.07,2.92
8/31/2006,0.42,2.45,0.92,-1.72
9/30/2006,0.41,2.25,-1.36,0.03
10/31/2006,0.41,3.64,1.75,-0.05
11/30/2006,0.42,2.13,0.86,0.04
12/31/2006,0.4,1.27,-1.1,3.16
1/31/2007,0.44,1.84,0.1,-0.13
2/28/2007,0.38,-1.58,1.32,-0.1
3/31/2007,0.43,1.11,-0.06,-0.23
4/30/2007,0.44,3.93,-2.07,-1.15
5/31/2007,0.41,3.65,-0.01,-0.07
6/30/2007,0.4,-1.56,0.79,-1.11
7/31/2007,0.4,-3.33,-2.5,-3.34
8/31/2007,0.42,1.34,-0.1,-2.25
9/30/2007,0.32,3.54,-2.28,-1.91
10/31/2007,0.32,2.12,0.22,-2.62
11/30/2007,0.34,-4.49,-2.61,-1.18
12/31/2007,0.27,-0.6,0.19,-0.44
1/31/2008,0.21,-6.15,-0.87,3.69
2/29/2008,0.13,-2.96,-0.21,-0.88
3/31/2008,0.17,-0.76,0.91,-0.18
4/30/2008,0.18,4.78,-1.65,-0.99
5/31/2008,0.18,2.04,3.15,-1.49
6/30/2008,0.17,-8.27,1.32,-2.47
7/31/2008,0.15,-0.62,2.44,5.89
8/31/2008,0.13,1.66,3.61,1.57
9/30/2008,0.15,-9.09,-1.11,6.26
10/31/2008,0.08,-17.15,-2.25,-2.75
11/30/2008,0.03,-7.83,-3.01,-5.85
12/31/2008,0,1.74,3.62,-0.21
1/31/2009,0,-8.12,0.1,-11.25
2/28/2009,0.01,-10.09,0.15,-7.27
3/31/2009,0.02,8.97,-0.1,3.62
4/30/2009,0.01,10.2,4.74,5.44
5/31/2009,0,5.21,-2.35,-0.14
6/30/2009,0.01,0.44,2.6,-2.66
7/31/2009,0.01,7.73,2.05,5.22
8/31/2009,0.01,3.34,-0.81,7.85
9/30/2009,0.01,4.09,2.49,0.97
10/31/2009,0,-2.59,-4.29,-4.26
11/30/2009,0,5.56,-2.48,-0.12
12/31/2009,0.01,2.76,6.11,0
1/31/2010,0,-3.36,0.37,0.3
2/28/2010,0,3.4,1.19,3.18
3/31/2010,0.01,6.32,1.49,2.15
4/30/2010,0.01,2.01,4.99,2.83
5/31/2010,0.01,-7.88,0,-2.41
6/30/2010,0.01,-5.55,-2.01,-4.52
7/31/2010,0.01,6.94,0.21,-0.21
8/31/2010,0.01,-4.76,-2.99,-1.96
9/30/2010,0.01,9.55,3.92,-3.12
10/31/2010,0.01,3.89,1.14,-2.52
11/30/2010,0.01,0.61,3.68,-0.91
12/31/2010,0.01,6.83,0.68,3.78
1/31/2011,0.01,2,-2.48,0.82
2/28/2011,0.01,3.5,1.53,1.1
3/31/2011,0.01,0.46,2.58,-1.57
4/30/2011,0,2.9,-0.31,-2.53
5/31/2011,0,-1.27,-0.72,-2.09
6/30/2011,0,-1.75,-0.2,-0.33
7/31/2011,0,-2.36,-1.34,-1.16
8/31/2011,0.01,-5.98,-3.03,-2.4
9/30/2011,0,-7.59,-3.54,-1.37
10/31/2011,0,11.35,3.44,-0.22
11/30/2011,0,-0.28,-0.18,-0.42
12/31/2011,0,0.74,-0.67,1.71
1/31/2012,0,5.05,2.15,-1.11
2/29/2012,0,4.42,-1.72,0.11
3/31/2012,0,3.11,-0.63,0.89
4/30/2012,0,-0.85,-0.54,-0.46
5/31/2012,0.01,-6.18,0,-0.52
6/30/2012,0,3.89,0.79,0.41
7/31/2012,0,0.79,-2.6,-0.25
8/31/2012,0.01,2.56,0.39,1.34
9/30/2012,0.01,2.74,0.48,1.57
10/31/2012,0.01,-1.75,-1.09,3.64
11/30/2012,0.01,0.79,0.54,-0.81
12/31/2012,0.01,1.19,1.49,3.52
1/31/2013,0,5.57,0.44,0.95
2/28/2013,0,1.29,-0.43,0.11
3/31/2013,0,4.03,0.84,-0.26
4/30/2013,0,1.55,-2.43,0.57
5/31/2013,0,2.8,1.69,2.49
6/30/2013,0,-1.2,1.17,-0.13
7/31/2013,0,5.65,1.88,0.61
8/31/2013,0,-2.71,0.25,-2.77
9/30/2013,0,3.77,2.94,-1.2
10/31/2013,0,4.18,-1.52,1.1
11/30/2013,0,3.12,1.25,0.26
12/31/2013,0,2.81,-0.48,-0.31
1/31/2014,0,-3.32,0.87,-2.13
2/28/2014,0,4.65,0.34,-0.37
3/31/2014,0,0.43,-1.85,5.03
4/30/2014,0,-0.19,-4.19,1.1
5/31/2014,0,2.06,-1.85,-0.36
6/30/2014,0,2.61,3.01,-0.66
7/31/2014,0,-2.04,-4.22,-0.02
8/31/2014,0,4.24,0.4,-0.55
9/30/2014,0,-1.97,-3.8,-1.19
10/31/2014,0,2.52,4.28,-1.68
11/30/2014,0,2.55,-2.05,-2.98
12/31/2014,0,-0.06,2.59,2.12
1/31/2015,0,-3.11,-0.51,-3.47
2/28/2015,0,6.13,0.51,-1.73
3/31/2015,0,-1.12,3.07,-0.45
4/30/2015,0,0.59,-3.01,1.84
5/31/2015,0,1.36,0.9,-1.32
6/30/2015,0,-1.53,2.85,-0.8
7/31/2015,0,1.54,-4.07,-4.21
8/31/2015,0,-6.04,0.52,2.71
9/30/2015,0,-3.08,-2.61,0.58
10/31/2015,0,7.75,-1.93,-0.11
11/30/2015,0,0.56,3.62,-0.57
12/31/2015,0.01,-2.16,-2.81,-2.46
1/31/2016,0.01,-5.76,-3.36,2.26
2/29/2016,0.02,-0.05,0.83,-0.48
3/31/2016,0.02,6.98,0.86,1.11
4/30/2016,0.01,0.93,0.68,3.25
5/31/2016,0.01,1.79,-0.27,-1.79
6/30/2016,0.02,-0.03,0.61,-1.49
7/31/2016,0.02,3.97,2.9,-0.98
8/31/2016,0.02,0.52,0.94,3.18
9/30/2016,0.02,0.27,2,-1.34
10/31/2016,0.02,-2,-4.41,4.15
11/30/2016,0.01,4.87,5.68,8.44
12/31/2016,0.03,1.85,-0.04,3.52
1/31/2017,0.04,1.98,-1,-2.69
2/28/2017,0.04,3.61,-1.79,-1.8
3/31/2017,0.03,0.2,1.13,-3.32
4/30/2017,0.05,1.14,0.55,-2.16
5/31/2017,0.06,1.12,-2.58,-3.65
6/30/2017,0.06,0.84,2.3,1.2
7/31/2017,0.07,1.87,-1.46,-0.22
8/31/2017,0.09,0.16,-1.65,-2.07
9/30/2017,0.09,2.51,4.45,3.09
10/31/2017,0.09,2.25,-1.93,0.22
11/30/2017,0.08,3.12,-0.56,-0.05
12/31/2017,0.09,1.06,-1.32,0.03
1/31/2018,0.11,5.58,-3.18,-1.36
2/28/2018,0.11,-3.65,0.26,-1.03
3/31/2018,0.12,-2.35,4.06,-0.23
4/30/2018,0.14,0.29,1.1,0.48
5/31/2018,0.14,2.65,5.31,-3.13
6/30/2018,0.14,0.48,1.13,-2.33
7/31/2018,0.16,3.19,-2.25,0.45
8/31/2018,0.16,3.44,1.14,-3.98
9/30/2018,0.15,0.06,-2.3,-1.7
10/31/2018,0.19,-7.68,-4.82,3.43
11/30/2018,0.18,1.69,-0.68,0.26
12/31/2018,0.19,-9.55,-2.42,-1.9
1/31/2019,0.21,8.41,2.9,-0.44
2/28/2019,0.18,3.4,2.04,-2.68
3/31/2019,0.19,1.1,-2.98,-4.05
4/30/2019,0.21,3.96,-1.74,2.17
5/31/2019,0.21,-6.94,-1.34,-2.37
6/30/2019,0.18,6.93,0.25,-0.71
7/31/2019,0.19,1.19,-1.94,0.42
8/31/2019,0.16,-2.58,-2.32,-4.95
9/30/2019,0.18,1.43,-0.97,6.83
10/31/2019,0.15,2.06,0.28,-1.93
11/30/2019,0.12,3.87,0.8,-2.02
12/31/2019,0.14,2.77,0.72,1.79
1/31/2020,0.13,-0.11,-3.13,-6.24
2/29/2020,0.12,-8.13,1.03,-3.79
3/31/2020,0.12,-13.38,-4.89,-14.02
4/30/2020,0,13.65,2.47,-1.18
5/31/2020,0.01,5.58,2.45,-4.8
6/30/2020,0.01,2.46,2.69,-2.04
7/31/2020,0.01,5.77,-2.28,-1.53
8/31/2020,0.01,7.63,-0.26,-2.92
9/30/2020,0.01,-3.63,0.02,-2.62
10/31/2020,0.01,-2.1,4.41,4.16
11/30/2020,0.01,12.47,5.65,2.13
12/31/2020,0.01,4.63,4.82,-1.43
1/31/2021,0,-0.03,7.12,2.99
2/28/2021,0,2.78,2.03,7.18
3/31/2021,0,3.08,-2.41,7.41
4/30/2021,0,4.93,-3.11,-0.93
5/31/2021,0,0.29,-0.28,7.04
6/30/2021,0,2.75,1.8,-7.76
7/31/2021,0,1.27,-3.96,-1.75
8/31/2021,0,2.9,-0.48,-0.13
9/30/2021,0,-4.37,0.8,5.09
10/31/2021,0,6.65,-2.28,-0.45
